timestamp,company,gold_type,buy_price,sell_price,location
2024-12-13 18:45:09,SJC,SJC 1L,83800000.0,86300000.0,National
2024-12-13 18:45:09,SJC,SJC Ring 1C,83800000.0,85200000.0,National
2024-12-14 08:30:07,SJC,SJC 1L,83800000.0,86300000.0,National
2024-12-14 08:30:07,SJC,SJC Ring 1C,83300000.0,84700000.0,National
2024-12-16 08:40:02,SJC,SJC 1L,82600000.0,85100000.0,National
2024-12-16 08:40:02,SJC,SJC Ring 1C,82600000.0,84300000.0,National
2024-12-18 09:40:05,SJC,SJC 1L,83100000.0,85100000.0,National
2024-12-18 09:40:05,SJC,SJC Ring 1C,83000000.0,84500000.0,National
2024-12-19 09:10:05,SJC,SJC 1L,82100000.0,84100000.0,National
2024-12-19 09:10:05,SJC,SJC Ring 1C,82100000.0,83800000.0,National
2024-12-20 14:00:05,SJC,SJC 1L,81800000.0,83800000.0,National
2024-12-20 14:00:05,SJC,SJC Ring 1C,81800000.0,83600000.0,National
2024-12-23 14:20:06,SJC,SJC 1L,82500000.0,84500000.0,National
2024-12-23 14:20:06,SJC,SJC Ring 1C,82500000.0,84300000.0,National
2024-12-24 08:40:06,SJC,SJC 1L,82300000.0,84300000.0,National
2024-12-24 08:40:06,SJC,SJC Ring 1C,82300000.0,84100000.0,National
2024-12-26 08:40:07,SJC,SJC 1L,82500000.0,84500000.0,National
2024-12-26 08:40:07,SJC,SJC Ring 1C,82500000.0,84300000.0,National
2024-12-27 08:30:06,SJC,SJC 1L,82700000.0,84700000.0,National
2024-12-27 08:30:06,SJC,SJC Ring 1C,82700000.0,84500000.0,National
2024-12-30 08:40:06,SJC,SJC 1L,82500000.0,84500000.0,National
2024-12-30 08:40:06,SJC,SJC Ring 1C,82500000.0,84300000.0,National
2024-12-31 08:40:06,SJC,SJC 1L,82200000.0,84200000.0,National
2024-12-31 08:40:06,SJC,SJC Ring 1C,82200000.0,84000000.0,National
2025-01-01 22:40:07,SJC,SJC Jewelry 99%,80470297.0297,82970297.0297,National
2025-01-01 22:40:07,SJC,SJC 1L,82200000.0,84200000.0,National
2025-01-01 22:40:07,SJC,SJC Jewelry 18K,60006285.6285,63006285.6285,National
2025-01-01 22:40:07,SJC,SJC Ring 1C,82200000.0,84000000.0,National
2025-01-01 22:40:07,SJC,SJC Jewelry 24K,82100000.0,83800000.0,National
2025-01-02 09:30:06,SJC,SJC 1L,83500000.0,85000000.0,National
2025-01-02 09:30:06,SJC,SJC Jewelry 18K,60606345.6345,63606345.6345,National
2025-01-02 09:30:06,SJC,SJC Jewelry 24K,83400000.0,84600000.0,National
2025-01-02 09:30:06,SJC,SJC Jewelry 99%,81262376.2376,83762376.2376,National
2025-01-02 09:30:06,SJC,SJC Ring 1C,83500000.0,84800000.0,National
2025-01-03 09:50:06,SJC,SJC Jewelry 24K,84000000.0,85100000.0,National
2025-01-03 09:50:06,SJC,SJC 1L,84000000.0,85500000.0,National
2025-01-03 09:50:06,SJC,SJC Jewelry 99%,81757425.7425,84257425.7425,National
2025-01-03 09:50:06,SJC,SJC Ring 1C,84000000.0,85300000.0,National
2025-01-03 09:50:06,SJC,SJC Jewelry 18K,60981383.1383,63981383.1383,National
2025-01-06 13:50:06,SJC,SJC 1L,83500000.0,85000000.0,National
2025-01-06 13:50:06,SJC,SJC Jewelry 18K,60606345.6345,63606345.6345,National
2025-01-06 13:50:06,SJC,SJC Jewelry 24K,83500000.0,84600000.0,National
2025-01-06 13:50:06,SJC,SJC Jewelry 99%,81262376.2376,83762376.2376,National
2025-01-06 13:50:06,SJC,SJC Ring 1C,83500000.0,84800000.0,National
2025-01-07 13:40:06,SJC,SJC 1L,83800000.0,85300000.0,National
2025-01-07 13:40:06,SJC,SJC Jewelry 18K,60831368.1368,63831368.1368,National
2025-01-07 13:40:06,SJC,SJC Jewelry 24K,83800000.0,84900000.0,National
2025-01-07 13:40:06,SJC,SJC Jewelry 99%,81559405.9405,84059405.9405,National
2025-01-07 13:40:06,SJC,SJC Ring 1C,83800000.0,85100000.0,National
2025-01-08 08:30:06,SJC,SJC Jewelry 18K,60981383.1383,63981383.1383,National
2025-01-08 08:30:06,SJC,SJC Jewelry 99%,81757425.7425,84257425.7425,National
2025-01-08 08:30:06,SJC,SJC 1L,84000000.0,85500000.0,National
2025-01-08 08:30:06,SJC,SJC Ring 1C,84000000.0,85300000.0,National
2025-01-08 08:30:06,SJC,SJC Jewelry 24K,84000000.0,85100000.0,National
2025-01-09 08:30:07,SJC,SJC 1L,84500000.0,86000000.0,National
2025-01-09 08:30:07,SJC,SJC Jewelry 18K,61356420.642,64356420.642,National
2025-01-09 08:30:07,SJC,SJC Jewelry 24K,84500000.0,85600000.0,National
2025-01-09 08:30:07,SJC,SJC Jewelry 99%,82252475.2475,84752475.2475,National
2025-01-09 08:30:07,SJC,SJC Ring 1C,84500000.0,85800000.0,National
2025-01-10 14:10:06,SJC,SJC 1L,84700000.0,86200000.0,National
2025-01-10 14:10:06,SJC,SJC Jewelry 18K,61506435.6435,64506435.6435,National
2025-01-10 14:10:06,SJC,SJC Jewelry 24K,84700000.0,85800000.0,National
2025-01-10 14:10:06,SJC,SJC Jewelry 99%,82450495.0495,84950495.0495,National
2025-01-10 14:10:06,SJC,SJC Ring 1C,84700000.0,86000000.0,National
2025-01-11 08:30:06,SJC,SJC 1L,84800000.0,86800000.0,National
2025-01-11 08:30:06,SJC,SJC Jewelry 18K,61956480.648,64956480.648,National
2025-01-11 08:30:06,SJC,SJC Jewelry 24K,84800000.0,86400000.0,National
2025-01-11 08:30:06,SJC,SJC Jewelry 99%,83044554.4554,85544554.4554,National
2025-01-11 08:30:06,SJC,SJC Ring 1C,84800000.0,86600000.0,National
2025-01-13 11:20:06,SJC,SJC 1L,84800000.0,86800000.0,National
2025-01-13 11:20:06,SJC,SJC Jewelry 24K,84700000.0,86300000.0,National
2025-01-13 11:20:06,SJC,SJC Jewelry 99%,82945544.5544,85445544.5544,National
2025-01-13 11:20:06,SJC,SJC Jewelry 18K,61881473.1473,64881473.1473,National
2025-01-13 11:20:06,SJC,SJC Ring 1C,84700000.0,86500000.0,National
2025-01-14 08:50:06,SJC,SJC 1L,84400000.0,86400000.0,National
2025-01-14 08:50:06,SJC,SJC Jewelry 18K,61581443.1443,64581443.1443,National
2025-01-14 08:50:06,SJC,SJC Jewelry 24K,84400000.0,85900000.0,National
2025-01-14 08:50:06,SJC,SJC Jewelry 99%,82549504.9504,85049504.9504,National
2025-01-14 08:50:06,SJC,SJC Ring 1C,84400000.0,86100000.0,National
2025-01-15 14:40:06,SJC,SJC 1L,84600000.0,86600000.0,National
2025-01-15 14:40:06,SJC,SJC Jewelry 18K,61581443.1443,64581443.1443,National
2025-01-15 14:40:06,SJC,SJC Jewelry 24K,84500000.0,85900000.0,National
2025-01-15 14:40:06,SJC,SJC Jewelry 99%,82549504.9504,85049504.9504,National
2025-01-15 14:40:06,SJC,SJC Ring 1C,84500000.0,86100000.0,National
2025-01-16 13:50:06,SJC,SJC 1L,85000000.0,87000000.0,National
2025-01-16 13:50:06,SJC,SJC Jewelry 18K,61806465.6465,64806465.6465,National
2025-01-16 13:50:06,SJC,SJC Jewelry 24K,84700000.0,86200000.0,National
2025-01-16 13:50:06,SJC,SJC Jewelry 99%,82846534.6534,85346534.6534,National
2025-01-16 13:50:06,SJC,SJC Ring 1C,84800000.0,86500000.0,National
2025-01-17 08:40:06,SJC,SJC Jewelry 24K,84900000.0,86400000.0,National
2025-01-17 08:40:06,SJC,SJC Jewelry 18K,61956480.648,64956480.648,National
2025-01-17 08:40:06,SJC,SJC Ring 1C,85000000.0,86700000.0,National
2025-01-17 08:40:06,SJC,SJC Jewelry 99%,83044554.4554,85544554.4554,National
2025-01-17 08:40:06,SJC,SJC 1L,85300000.0,87300000.0,National
2025-01-18 08:20:13,SJC,SJC 1L,84900000.0,86900000.0,National
2025-01-18 08:20:13,SJC,SJC Jewelry 18K,61656450.645,64656450.645,National
2025-01-18 08:20:13,SJC,SJC Jewelry 24K,84500000.0,86000000.0,National
2025-01-18 08:20:13,SJC,SJC Jewelry 99%,82648514.8514,85148514.8514,National
2025-01-18 08:20:13,SJC,SJC Ring 1C,84600000.0,86300000.0,National
2025-01-20 13:20:06,SJC,SJC 1L,84900000.0,86900000.0,National
2025-01-20 13:20:06,SJC,SJC Jewelry 18K,61656450.645,64656450.645,National
2025-01-20 13:20:06,SJC,SJC Jewelry 24K,84500000.0,86000000.0,National
2025-01-20 13:20:06,SJC,SJC Jewelry 99%,82648514.8514,85148514.8514,National
2025-01-20 13:20:06,SJC,SJC Ring 1C,84600000.0,86300000.0,National
2025-01-21 15:50:07,SJC,SJC Jewelry 18K,62106495.6495,65106495.6495,National
2025-01-21 15:50:07,SJC,SJC 1L,85500000.0,87500000.0,National
2025-01-21 15:50:07,SJC,SJC Jewelry 24K,85100000.0,86600000.0,National
2025-01-21 15:50:07,SJC,SJC Ring 1C,85200000.0,86900000.0,National
2025-01-21 15:50:07,SJC,SJC Jewelry 99%,83242574.2574,85742574.2574,National
2025-01-22 14:30:06,SJC,SJC 1L,86200000.0,88200000.0,National
2025-01-22 14:30:06,SJC,SJC Jewelry 18K,62706555.6555,65706555.6555,National
2025-01-22 14:30:06,SJC,SJC Jewelry 24K,85900000.0,87400000.0,National
2025-01-22 14:30:06,SJC,SJC Jewelry 99%,84034653.4653,86534653.4653,National
2025-01-22 14:30:06,SJC,SJC Ring 1C,86000000.0,87700000.0,National
2025-01-23 16:50:06,SJC,SJC 1L,86100000.0,88100000.0,National
2025-01-23 16:50:06,SJC,SJC Jewelry 18K,62781563.1563,65781563.1563,National
2025-01-23 16:50:06,SJC,SJC Jewelry 24K,86000000.0,87500000.0,National
2025-01-23 16:50:06,SJC,SJC Jewelry 99%,84133663.3663,86633663.3663,National
2025-01-23 16:50:06,SJC,SJC Ring 1C,86100000.0,87800000.0,National
2025-01-24 15:40:06,SJC,SJC 1L,86800000.0,88800000.0,National
2025-01-24 15:40:06,SJC,SJC Ring 1C,86300000.0,88000000.0,National
2025-01-24 15:40:06,SJC,SJC Jewelry 18K,62931578.1578,65931578.1578,National
2025-01-24 15:40:06,SJC,SJC Jewelry 99%,84331683.1683,86831683.1683,National
2025-01-24 15:40:06,SJC,SJC Jewelry 24K,86200000.0,87700000.0,National
2025-02-03 15:40:06,SJC,SJC 1L,87800000.0,89800000.0,National
2025-02-03 15:40:06,SJC,SJC Jewelry 18K,63906675.6675,66906675.6675,National
2025-02-03 15:40:06,SJC,SJC Jewelry 24K,87500000.0,89000000.0,National
2025-02-03 15:40:06,SJC,SJC Jewelry 99%,85618811.8811,88118811.8811,National
2025-02-03 15:40:06,SJC,SJC Ring 1C,87500000.0,89200000.0,National
2025-02-04 16:40:06,SJC,SJC Jewelry 24K,87600000.0,89400000.0,National
2025-02-04 16:40:06,SJC,SJC 1L,87600000.0,90100000.0,National
2025-02-04 16:40:06,SJC,SJC Jewelry 99%,86014851.4851,88514851.4851,National
2025-02-04 16:40:06,SJC,SJC Ring 1C,87600000.0,89600000.0,National
2025-02-04 16:40:06,SJC,SJC Jewelry 18K,64206705.6705,67206705.6705,National
2025-02-05 08:30:06,SJC,SJC Jewelry 24K,88000000.0,90300000.0,National
2025-02-05 08:30:06,SJC,SJC Jewelry 99%,86905940.594,89405940.594,National
2025-02-05 08:30:06,SJC,SJC 1L,88000000.0,91000000.0,National
2025-02-05 08:30:06,SJC,SJC Jewelry 18K,64881773.1773,67881773.1773,National
2025-02-05 08:30:06,SJC,SJC Ring 1C,88000000.0,90500000.0,National
2025-02-06 15:50:06,SJC,SJC 1L,86400000.0,89600000.0,National
2025-02-06 15:50:06,SJC,SJC Jewelry 24K,86300000.0,89100000.0,National
2025-02-06 15:50:06,SJC,SJC Jewelry 99%,85217821.7821,88217821.7821,National
2025-02-06 15:50:06,SJC,SJC Jewelry 18K,63981683.1683,66981683.1683,National
2025-02-06 15:50:06,SJC,SJC Ring 1C,86400000.0,89400000.0,National
2025-02-07 09:50:06,SJC,SJC 1L,86800000.0,90300000.0,National
2025-02-07 09:50:06,SJC,SJC Jewelry 18K,64206705.6705,67206705.6705,National
2025-02-07 09:50:06,SJC,SJC Jewelry 24K,86700000.0,89400000.0,National
2025-02-07 09:50:06,SJC,SJC Jewelry 99%,85514851.4851,88514851.4851,National
2025-02-07 09:50:06,SJC,SJC Ring 1C,86800000.0,89800000.0,National
2025-02-10 16:10:06,SJC,SJC 1L,88300000.0,91300000.0,National
2025-02-10 16:10:06,SJC,SJC Jewelry 18K,64881773.1773,67881773.1773,National
2025-02-10 16:10:06,SJC,SJC Jewelry 24K,88000000.0,90300000.0,National
2025-02-10 16:10:06,SJC,SJC Jewelry 99%,86405940.594,89405940.594,National
2025-02-10 16:10:06,SJC,SJC Ring 1C,88000000.0,90700000.0,National
2025-02-11 16:50:06,SJC,SJC 1L,88000000.0,90500000.0,National
2025-02-11 16:50:06,SJC,SJC Ring 1C,88000000.0,90500000.0,National
2025-02-11 16:50:06,SJC,SJC Jewelry 18K,64731758.1758,67731758.1758,National
2025-02-11 16:50:06,SJC,SJC Jewelry 99%,86207920.792,89207920.792,National
2025-02-11 16:50:06,SJC,SJC Jewelry 24K,88000000.0,90100000.0,National
2025-02-12 08:50:06,SJC,SJC 1L,86700000.0,90200000.0,National
2025-02-12 08:50:06,SJC,SJC Jewelry 18K,64131698.1698,67131698.1698,National
2025-02-12 08:50:06,SJC,SJC Jewelry 24K,86700000.0,89300000.0,National
2025-02-12 08:50:06,SJC,SJC Jewelry 99%,85415841.5841,88415841.5841,National
2025-02-12 08:50:06,SJC,SJC Ring 1C,86700000.0,89700000.0,National
2025-02-13 10:50:06,SJC,SJC Jewelry 18K,64731758.1758,67731758.1758,National
2025-02-13 10:50:06,SJC,SJC 1L,87700000.0,90700000.0,National
2025-02-13 10:50:06,SJC,SJC Jewelry 24K,87700000.0,90100000.0,National
2025-02-13 10:50:06,SJC,SJC Ring 1C,87700000.0,90500000.0,National
2025-02-13 10:50:06,SJC,SJC Jewelry 99%,86207920.792,89207920.792,National
2025-02-14 08:30:06,SJC,SJC 1L,88300000.0,91300000.0,National
2025-02-14 08:30:06,SJC,SJC Jewelry 18K,65181803.1803,68181803.1803,National
2025-02-14 08:30:06,SJC,SJC Jewelry 24K,88300000.0,90700000.0,National
2025-02-14 08:30:06,SJC,SJC Jewelry 99%,86801980.198,89801980.198,National
2025-02-14 08:30:06,SJC,SJC Ring 1C,88300000.0,91100000.0,National
2025-02-15 08:30:06,SJC,SJC 1L,87300000.0,90300000.0,National
2025-02-15 08:30:06,SJC,SJC Jewelry 18K,64431728.1728,67431728.1728,National
2025-02-15 08:30:06,SJC,SJC Jewelry 24K,87300000.0,89700000.0,National
2025-02-15 08:30:06,SJC,SJC Jewelry 99%,85811881.1881,88811881.1881,National
2025-02-15 08:30:06,SJC,SJC Ring 1C,87300000.0,90100000.0,National
2025-02-17 08:50:06,SJC,SJC 1L,87600000.0,90600000.0,National
2025-02-17 08:50:06,SJC,SJC Jewelry 18K,64656750.675,67656750.675,National
2025-02-17 08:50:06,SJC,SJC Jewelry 24K,87600000.0,90000000.0,National
2025-02-17 08:50:06,SJC,SJC Jewelry 99%,86108910.891,89108910.891,National
2025-02-17 08:50:06,SJC,SJC Ring 1C,87600000.0,90400000.0,National
2025-02-18 11:30:06,SJC,SJC 1L,88600000.0,91100000.0,National
2025-02-18 11:30:06,SJC,SJC Jewelry 18K,65031788.1788,68031788.1788,National
2025-02-18 11:30:06,SJC,SJC Jewelry 24K,88600000.0,90500000.0,National
2025-02-18 11:30:06,SJC,SJC Jewelry 99%,86603960.396,89603960.396,National
2025-02-18 11:30:06,SJC,SJC Ring 1C,88600000.0,90900000.0,National
2025-02-19 13:40:06,SJC,SJC 1L,89600000.0,91900000.0,National
2025-02-19 13:40:06,SJC,SJC Jewelry 18K,65706855.6855,68706855.6855,National
2025-02-19 13:40:06,SJC,SJC Jewelry 24K,89600000.0,91400000.0,National
2025-02-19 13:40:06,SJC,SJC Jewelry 99%,87495049.5049,90495049.5049,National
2025-02-19 13:40:06,SJC,SJC Ring 1C,89600000.0,91700000.0,National
2025-02-20 15:10:06,SJC,SJC Jewelry 24K,89900000.0,91700000.0,National
2025-02-20 15:10:06,SJC,SJC Jewelry 18K,65931878.1878,68931878.1878,National
2025-02-20 15:10:06,SJC,SJC Ring 1C,89900000.0,92000000.0,National
2025-02-20 15:10:06,SJC,SJC Jewelry 99%,87792079.2079,90792079.2079,National
2025-02-20 15:10:06,SJC,SJC 1L,90000000.0,92300000.0,National
2025-02-21 15:30:06,SJC,SJC 1L,89400000.0,91700000.0,National
2025-02-21 15:30:06,SJC,SJC Jewelry 18K,65481833.1833,68481833.1833,National
2025-02-21 15:30:06,SJC,SJC Jewelry 24K,89300000.0,91100000.0,National
2025-02-21 15:30:06,SJC,SJC Jewelry 99%,87198019.8019,90198019.8019,National
2025-02-21 15:30:06,SJC,SJC Ring 1C,89300000.0,91400000.0,National
2025-02-24 11:00:06,SJC,SJC 1L,89700000.0,92000000.0,National
2025-02-24 11:00:06,SJC,SJC Jewelry 18K,65781863.1863,68781863.1863,National
2025-02-24 11:00:06,SJC,SJC Jewelry 24K,89700000.0,91500000.0,National
2025-02-24 11:00:06,SJC,SJC Jewelry 99%,87594059.4059,90594059.4059,National
2025-02-24 11:00:06,SJC,SJC Ring 1C,89700000.0,91800000.0,National
2025-02-25 11:20:06,SJC,SJC Jewelry 18K,65781863.1863,68781863.1863,National
2025-02-25 11:20:06,SJC,SJC 1L,89700000.0,92000000.0,National
2025-02-25 11:20:06,SJC,SJC Jewelry 24K,89700000.0,91500000.0,National
2025-02-25 11:20:06,SJC,SJC Ring 1C,89700000.0,91800000.0,National
2025-02-25 11:20:06,SJC,SJC Jewelry 99%,87594059.4059,90594059.4059,National
2025-02-26 13:50:06,SJC,SJC 1L,89000000.0,91300000.0,National
2025-02-26 13:50:06,SJC,SJC Jewelry 18K,65256810.681,68256810.681,National
2025-02-26 13:50:06,SJC,SJC Jewelry 24K,89000000.0,90800000.0,National
2025-02-26 13:50:06,SJC,SJC Jewelry 99%,86900990.099,89900990.099,National
2025-02-26 13:50:06,SJC,SJC Ring 1C,89000000.0,91100000.0,National
2025-02-27 10:20:06,SJC,SJC 1L,88900000.0,91200000.0,National
2025-02-27 10:20:06,SJC,SJC Jewelry 18K,65181803.1803,68181803.1803,National
2025-02-27 10:20:06,SJC,SJC Jewelry 24K,88900000.0,90700000.0,National
2025-02-27 10:20:06,SJC,SJC Jewelry 99%,86801980.198,89801980.198,National
2025-02-27 10:20:06,SJC,SJC Ring 1C,88900000.0,91000000.0,National
2025-02-28 11:30:06,SJC,SJC 1L,88500000.0,90500000.0,National
2025-02-28 11:30:06,SJC,SJC Jewelry 18K,64731758.1758,67731758.1758,National
2025-02-28 11:30:06,SJC,SJC Jewelry 24K,88500000.0,90100000.0,National
2025-02-28 11:30:06,SJC,SJC Jewelry 99%,86207920.792,89207920.792,National
2025-02-28 11:30:06,SJC,SJC Ring 1C,88500000.0,90400000.0,National
2025-03-01 08:50:06,SJC,SJC Jewelry 24K,88500000.0,90100000.0,National
2025-03-01 08:50:06,SJC,SJC Jewelry 18K,64731758.1758,67731758.1758,National
2025-03-01 08:50:06,SJC,SJC Ring 1C,88500000.0,90400000.0,National
2025-03-01 08:50:06,SJC,SJC Jewelry 99%,86207920.792,89207920.792,National
2025-03-01 08:50:06,SJC,SJC 1L,88500000.0,90500000.0,National
2025-03-03 08:40:07,SJC,SJC 1L,89000000.0,91000000.0,National
2025-03-03 08:40:07,SJC,SJC Jewelry 18K,65106795.6795,68106795.6795,National
2025-03-03 08:40:07,SJC,SJC Jewelry 24K,89000000.0,90600000.0,National
2025-03-03 08:40:07,SJC,SJC Jewelry 99%,86702970.297,89702970.297,National
2025-03-03 08:40:07,SJC,SJC Ring 1C,89000000.0,90900000.0,National
2025-03-04 17:00:06,SJC,SJC 1L,90700000.0,92700000.0,National
2025-03-04 17:00:06,SJC,SJC Jewelry 18K,66381923.1923,69381923.1923,National
2025-03-04 17:00:06,SJC,SJC Jewelry 24K,90700000.0,92300000.0,National
2025-03-04 17:00:06,SJC,SJC Jewelry 99%,88386138.6138,91386138.6138,National
2025-03-04 17:00:06,SJC,SJC Ring 1C,90700000.0,92600000.0,National
2025-03-06 16:00:06,SJC,SJC Jewelry 24K,90700000.0,92300000.0,National
2025-03-06 16:00:06,SJC,SJC 1L,90700000.0,92700000.0,National
2025-03-06 16:00:06,SJC,SJC Jewelry 99%,88386138.6138,91386138.6138,National
2025-03-06 16:00:06,SJC,SJC Ring 1C,90700000.0,92600000.0,National
2025-03-06 16:00:06,SJC,SJC Jewelry 18K,66381923.1923,69381923.1923,National
2025-03-07 16:30:06,SJC,SJC 1L,91100000.0,93100000.0,National
2025-03-07 16:30:06,SJC,SJC Jewelry 18K,66681953.1953,69681953.1953,National
2025-03-07 16:30:06,SJC,SJC Jewelry 24K,91100000.0,92700000.0,National
2025-03-07 16:30:06,SJC,SJC Jewelry 99%,88782178.2178,91782178.2178,National
2025-03-07 16:30:06,SJC,SJC Ring 1C,91100000.0,93000000.0,National
2025-03-08 08:30:06,SJC,SJC 1L,90900000.0,92900000.0,National
2025-03-08 08:30:06,SJC,SJC Jewelry 18K,66531938.1938,69531938.1938,National
2025-03-08 08:30:06,SJC,SJC Jewelry 24K,90900000.0,92500000.0,National
2025-03-08 08:30:06,SJC,SJC Jewelry 99%,88584158.4158,91584158.4158,National
2025-03-08 08:30:06,SJC,SJC Ring 1C,90900000.0,92800000.0,National
2025-03-10 15:40:06,SJC,SJC 1L,90900000.0,92900000.0,National
2025-03-10 15:40:06,SJC,SJC Jewelry 24K,90900000.0,92500000.0,National
2025-03-10 15:40:06,SJC,SJC Ring 1C,90900000.0,92800000.0,National
2025-03-10 15:40:06,SJC,SJC Jewelry 99%,88584158.4158,91584158.4158,National
2025-03-10 15:40:06,SJC,SJC Jewelry 18K,66531938.1938,69531938.1938,National
2025-03-11 16:30:06,SJC,SJC 1L,91000000.0,93000000.0,National
2025-03-11 16:30:06,SJC,SJC Jewelry 18K,66606945.6945,69606945.6945,National
2025-03-11 16:30:06,SJC,SJC Jewelry 24K,91000000.0,92600000.0,National
2025-03-11 16:30:06,SJC,SJC Jewelry 99%,88683168.3168,91683168.3168,National
2025-03-11 16:30:06,SJC,SJC Ring 1C,91000000.0,92900000.0,National
2025-03-12 13:30:05,SJC,SJC Jewelry 99%,89178217.8217,92178217.8217,National
2025-03-12 13:30:05,SJC,SJC Ring 1C,91800000.0,93400000.0,National
2025-03-12 13:30:05,SJC,SJC 1L,91800000.0,93500000.0,National
2025-03-12 13:30:05,SJC,SJC Jewelry 18K,66981983.1983,69981983.1983,National
2025-03-12 13:30:05,SJC,SJC Jewelry 24K,91800000.0,93100000.0,National
2025-03-13 10:20:05,SJC,SJC 1L,92900000.0,94400000.0,National
2025-03-13 10:20:05,SJC,SJC Jewelry 18K,67657050.705,70657050.705,National
2025-03-13 10:20:05,SJC,SJC Jewelry 24K,92800000.0,94000000.0,National
2025-03-13 10:20:05,SJC,SJC Jewelry 99%,90069306.9306,93069306.9306,National
2025-03-13 10:20:05,SJC,SJC Ring 1C,92800000.0,94300000.0,National
2025-03-14 11:20:05,SJC,SJC 1L,94300000.0,95800000.0,National
2025-03-14 11:20:05,SJC,SJC Jewelry 24K,94200000.0,95400000.0,National
2025-03-14 11:20:05,SJC,SJC Jewelry 99%,91455445.5445,94455445.5445,National
2025-03-14 11:20:05,SJC,SJC Jewelry 18K,68707155.7155,71707155.7155,National
2025-03-14 11:20:05,SJC,SJC Ring 1C,94200000.0,95700000.0,National
2025-03-17 08:30:05,SJC,SJC 1L,94800000.0,96100000.0,National
2025-03-17 08:30:05,SJC,SJC Jewelry 18K,68932178.2178,71932178.2178,National
2025-03-17 08:30:05,SJC,SJC Jewelry 24K,94700000.0,95700000.0,National
2025-03-17 08:30:05,SJC,SJC Jewelry 99%,91752475.2475,94752475.2475,National
2025-03-17 08:30:05,SJC,SJC Ring 1C,94700000.0,96000000.0,National
2025-03-18 15:40:05,SJC,SJC 1L,96700000.0,98200000.0,National
2025-03-18 15:40:05,SJC,SJC Jewelry 18K,70507335.7335,73507335.7335,National
2025-03-18 15:40:05,SJC,SJC Jewelry 24K,96600000.0,97800000.0,National
2025-03-18 15:40:05,SJC,SJC Jewelry 99%,93831683.1683,96831683.1683,National
2025-03-18 15:40:05,SJC,SJC Ring 1C,96600000.0,98100000.0,National
2025-03-19 16:30:05,SJC,SJC 1L,98000000.0,99500000.0,National
2025-03-19 16:30:05,SJC,SJC Ring 1C,97900000.0,99400000.0,National
2025-03-19 16:30:05,SJC,SJC Jewelry 18K,71482433.2433,74482433.2433,National
2025-03-19 16:30:05,SJC,SJC Jewelry 99%,95118811.8811,98118811.8811,National
2025-03-19 16:30:05,SJC,SJC Jewelry 24K,97900000.0,99100000.0,National
2025-03-20 14:30:05,SJC,SJC 1L,97800000.0,99800000.0,National
2025-03-20 14:30:05,SJC,SJC Jewelry 18K,71707455.7455,74707455.7455,National
2025-03-20 14:30:05,SJC,SJC Jewelry 24K,97700000.0,99400000.0,National
2025-03-20 14:30:05,SJC,SJC Jewelry 99%,95415841.5841,98415841.5841,National
2025-03-20 14:30:05,SJC,SJC Ring 1C,97700000.0,99700000.0,National
2025-03-21 15:00:05,SJC,SJC Jewelry 18K,69907275.7275,72907275.7275,National
2025-03-21 15:00:05,SJC,SJC 1L,94700000.0,97700000.0,National
2025-03-21 15:00:05,SJC,SJC Jewelry 24K,94600000.0,97000000.0,National
2025-03-21 15:00:05,SJC,SJC Ring 1C,94600000.0,97300000.0,National
2025-03-21 15:00:05,SJC,SJC Jewelry 99%,93039603.9603,96039603.9603,National
2025-03-22 08:30:05,SJC,SJC 1L,94400000.0,97400000.0,National
2025-03-22 08:30:05,SJC,SJC Jewelry 18K,69682253.2253,72682253.2253,National
2025-03-22 08:30:05,SJC,SJC Jewelry 24K,94300000.0,96700000.0,National
2025-03-22 08:30:05,SJC,SJC Jewelry 99%,92742574.2574,95742574.2574,National
2025-03-22 08:30:05,SJC,SJC Ring 1C,94300000.0,97000000.0,National
2025-03-24 15:30:05,SJC,SJC 1L,95100000.0,97600000.0,National
2025-03-24 15:30:05,SJC,SJC Jewelry 18K,69982283.2283,72982283.2283,National
2025-03-24 15:30:05,SJC,SJC Jewelry 24K,95000000.0,97100000.0,National
2025-03-24 15:30:05,SJC,SJC Jewelry 99%,93138613.8613,96138613.8613,National
2025-03-24 15:30:05,SJC,SJC Ring 1C,95000000.0,97400000.0,National
2025-03-25 16:00:05,SJC,SJC 1L,95900000.0,97900000.0,National
2025-03-25 16:00:05,SJC,SJC Jewelry 18K,70207305.7305,73207305.7305,National
2025-03-25 16:00:05,SJC,SJC Jewelry 24K,95800000.0,97400000.0,National
2025-03-25 16:00:05,SJC,SJC Jewelry 99%,93435643.5643,96435643.5643,National
2025-03-25 16:00:05,SJC,SJC Ring 1C,95800000.0,97700000.0,National
2025-03-26 15:00:05,SJC,SJC 1L,96700000.0,98400000.0,National
2025-03-26 15:00:05,SJC,SJC Jewelry 18K,70582343.2343,73582343.2343,National
2025-03-26 15:00:05,SJC,SJC Jewelry 24K,96600000.0,97900000.0,National
2025-03-26 15:00:05,SJC,SJC Jewelry 99%,93930693.0693,96930693.0693,National
2025-03-26 15:00:05,SJC,SJC Ring 1C,96600000.0,98200000.0,National
2025-03-27 15:30:05,SJC,SJC 1L,97400000.0,98900000.0,National
2025-03-27 15:30:05,SJC,SJC Ring 1C,97200000.0,98700000.0,National
2025-03-27 15:30:05,SJC,SJC Jewelry 18K,70957380.738,73957380.738,National
2025-03-27 15:30:05,SJC,SJC Jewelry 99%,94425742.5742,97425742.5742,National
2025-03-27 15:30:05,SJC,SJC Jewelry 24K,97200000.0,98400000.0,National
2025-03-28 16:10:05,SJC,SJC 1L,98200000.0,100200000.0,National
2025-03-28 16:10:05,SJC,SJC Jewelry 18K,72007485.7485,75007485.7485,National
2025-03-28 16:10:05,SJC,SJC Jewelry 24K,98100000.0,99800000.0,National
2025-03-28 16:10:05,SJC,SJC Jewelry 99%,95811881.1881,98811881.1881,National
2025-03-28 16:10:05,SJC,SJC Ring 1C,98100000.0,100100000.0,National
2025-03-29 08:30:05,SJC,SJC Jewelry 18K,72232508.2508,75232508.2508,National
2025-03-29 08:30:05,SJC,SJC 1L,98400000.0,100700000.0,National
2025-03-29 08:30:05,SJC,SJC Jewelry 24K,98200000.0,100100000.0,National
2025-03-29 08:30:05,SJC,SJC Ring 1C,98200000.0,100400000.0,National
2025-03-29 08:30:05,SJC,SJC Jewelry 99%,96108910.891,99108910.891,National
2025-03-31 13:20:05,SJC,SJC 1L,99500000.0,101800000.0,National
2025-03-31 13:20:05,SJC,SJC Jewelry 18K,72832568.2568,75832568.2568,National
2025-03-31 13:20:05,SJC,SJC Jewelry 24K,99000000.0,100900000.0,National
2025-03-31 13:20:05,SJC,SJC Jewelry 99%,96900990.099,99900990.099,National
2025-03-31 13:20:05,SJC,SJC Ring 1C,99000000.0,101200000.0,National
2025-04-01 13:10:05,SJC,SJC 1L,99400000.0,102100000.0,National
2025-04-01 13:10:05,SJC,SJC Jewelry 18K,73057590.759,76057590.759,National
2025-04-01 13:10:05,SJC,SJC Jewelry 24K,99200000.0,101200000.0,National
2025-04-01 13:10:05,SJC,SJC Jewelry 99%,97198019.8019,100198019.8019,National
2025-04-01 13:10:05,SJC,SJC Ring 1C,99200000.0,101500000.0,National
2025-04-02 13:20:05,SJC,SJC 1L,99100000.0,101800000.0,National
2025-04-02 13:20:05,SJC,SJC Jewelry 18K,73057590.759,76057590.759,National
2025-04-02 13:20:05,SJC,SJC Jewelry 24K,98900000.0,101200000.0,National
2025-04-02 13:20:05,SJC,SJC Jewelry 99%,97198019.8019,100198019.8019,National
2025-04-02 13:20:05,SJC,SJC Ring 1C,98900000.0,101500000.0,National
2025-04-03 13:20:05,SJC,SJC 1L,99500000.0,102200000.0,National
2025-04-03 13:20:05,SJC,SJC Jewelry 18K,73432628.2628,76432628.2628,National
2025-04-03 13:20:05,SJC,SJC Jewelry 24K,99400000.0,101700000.0,National
2025-04-03 13:20:05,SJC,SJC Jewelry 99%,97693069.3069,100693069.3069,National
2025-04-03 13:20:05,SJC,SJC Ring 1C,99400000.0,102000000.0,National
2025-04-04 10:00:05,SJC,SJC 1L,99000000.0,101500000.0,National
2025-04-04 10:00:05,SJC,SJC Ring 1C,98900000.0,101400000.0,National
2025-04-04 10:00:05,SJC,SJC Jewelry 18K,72982583.2583,75982583.2583,National
2025-04-04 10:00:05,SJC,SJC Jewelry 99%,97099009.9009,100099009.9009,National
2025-04-04 10:00:05,SJC,SJC Jewelry 24K,98900000.0,101100000.0,National
2025-04-05 16:23:18,SJC,SJC 1L,97100000.0,100100000.0,National
2025-04-05 16:23:18,SJC,SJC Jewelry 18K,71932478.2478,74932478.2478,National
2025-04-05 16:23:18,SJC,SJC Jewelry 24K,97000000.0,99700000.0,National
2025-04-05 16:23:18,SJC,SJC Jewelry 99%,95712871.2871,98712871.2871,National
2025-04-05 16:23:18,SJC,SJC Ring 1C,97000000.0,100000000.0,National
2025-04-08 14:00:07,SJC,SJC Jewelry 18K,72007485.7485,75007485.7485,National
2025-04-08 14:00:07,SJC,SJC 1L,97700000.0,100200000.0,National
2025-04-08 14:00:07,SJC,SJC Jewelry 24K,97600000.0,99800000.0,National
2025-04-08 14:00:07,SJC,SJC Ring 1C,97600000.0,100100000.0,National
2025-04-08 14:00:07,SJC,SJC Jewelry 99%,95811881.1881,98811881.1881,National
2025-04-09 15:00:09,SJC,SJC 1L,99700000.0,101900000.0,National
2025-04-09 15:00:09,SJC,SJC Jewelry 18K,73207605.7605,76207605.7605,National
2025-04-09 15:00:09,SJC,SJC Jewelry 24K,99500000.0,101400000.0,National
2025-04-09 15:00:09,SJC,SJC Jewelry 99%,97396039.6039,100396039.6039,National
2025-04-09 15:00:09,SJC,SJC Ring 1C,99500000.0,101700000.0,National
2025-04-10 16:00:05,SJC,SJC 1L,100600000.0,103600000.0,National
2025-04-10 16:00:05,SJC,SJC Jewelry 18K,74032688.2688,77032688.2688,National
2025-04-10 16:00:05,SJC,SJC Jewelry 24K,99800000.0,102500000.0,National
2025-04-10 16:00:05,SJC,SJC Jewelry 99%,98485148.5148,101485148.5148,National
2025-04-10 16:00:05,SJC,SJC Ring 1C,99800000.0,102800000.0,National
2025-04-11 15:00:06,SJC,SJC 1L,102200000.0,105200000.0,National
2025-04-11 15:00:06,SJC,SJC Jewelry 18K,74282793.2793,78082793.2793,National
2025-04-11 15:00:06,SJC,SJC Jewelry 24K,101100000.0,103900000.0,National
2025-04-11 15:00:06,SJC,SJC Jewelry 99%,99071287.1287,102871287.1287,National
2025-04-11 15:00:06,SJC,SJC Ring 1C,101100000.0,104400000.0,National
2025-04-12 11:00:08,SJC,SJC 1L,103000000.0,106500000.0,National
2025-04-12 11:00:08,SJC,SJC Jewelry 18K,74657830.783,78457830.783,National
2025-04-12 11:00:08,SJC,SJC Jewelry 24K,101400000.0,104400000.0,National
2025-04-12 11:00:08,SJC,SJC Jewelry 99%,99566336.6336,103366336.6336,National
2025-04-12 11:00:08,SJC,SJC Ring 1C,101400000.0,104900000.0,National
2025-04-14 14:00:05,SJC,SJC 1L,105000000.0,107500000.0,National
2025-04-14 14:00:05,SJC,SJC Jewelry 18K,74732838.2838,78532838.2838,National
2025-04-14 14:00:05,SJC,SJC Jewelry 24K,102000000.0,104500000.0,National
2025-04-14 14:00:05,SJC,SJC Jewelry 99%,99665346.5346,103465346.5346,National
2025-04-14 14:00:05,SJC,SJC Ring 1C,102000000.0,105000000.0,National
2025-04-15 16:00:05,SJC,SJC Jewelry 24K,103000000.0,105500000.0,National
2025-04-15 16:00:05,SJC,SJC Jewelry 18K,75482913.2913,79282913.2913,National
2025-04-15 16:00:05,SJC,SJC Ring 1C,103000000.0,106000000.0,National
2025-04-15 16:00:05,SJC,SJC Jewelry 99%,100655445.5445,104455445.5445,National
2025-04-15 16:00:05,SJC,SJC 1L,105500000.0,108000000.0,National
2025-04-16 17:00:05,SJC,SJC 1L,113000000.0,115500000.0,National
2025-04-16 17:00:05,SJC,SJC Jewelry 18K,79833468.3468,84833468.3468,National
2025-04-16 17:00:05,SJC,SJC Jewelry 24K,110500000.0,112900000.0,National
2025-04-16 17:00:05,SJC,SJC Jewelry 99%,107282178.2178,111782178.2178,National
2025-04-16 17:00:05,SJC,SJC Ring 1C,110500000.0,113500000.0,National
2025-04-21 15:00:34,SJC,SJC 1L,116000000.0,118000000.0,National
2025-04-21 15:00:34,SJC,SJC Jewelry 18K,80708655.8655,86708655.8655,National
2025-04-21 15:00:34,SJC,SJC Jewelry 24K,113000000.0,115400000.0,National
2025-04-21 15:00:34,SJC,SJC Jewelry 99%,108757425.7425,114257425.7425,National
2025-04-21 15:00:34,SJC,SJC Ring 1C,113000000.0,116000000.0,National
2025-04-22 16:00:08,SJC,SJC Jewelry 18K,82958880.888,88958880.888,National
2025-04-22 16:00:08,SJC,SJC 1L,122000000.0,124000000.0,National
2025-04-22 16:00:08,SJC,SJC Jewelry 24K,116000000.0,118400000.0,National
2025-04-22 16:00:08,SJC,SJC Ring 1C,116000000.0,119000000.0,National
2025-04-22 16:00:08,SJC,SJC Jewelry 99%,112227722.7722,117227722.7722,National
2025-04-23 15:00:09,SJC,SJC 1L,116500000.0,119500000.0,National
2025-04-23 15:00:09,SJC,SJC Jewelry 18K,80333618.3618,86333618.3618,National
2025-04-23 15:00:09,SJC,SJC Jewelry 24K,112500000.0,114900000.0,National
2025-04-23 15:00:09,SJC,SJC Jewelry 99%,108762376.2376,113762376.2376,National
2025-04-23 15:00:09,SJC,SJC Ring 1C,112500000.0,115500000.0,National
2025-04-24 11:00:08,SJC,SJC 1L,118500000.0,121000000.0,National
2025-04-24 11:00:08,SJC,SJC Jewelry 18K,81083693.3693,87083693.3693,National
2025-04-24 11:00:08,SJC,SJC Jewelry 24K,113500000.0,115900000.0,National
2025-04-24 11:00:08,SJC,SJC Jewelry 99%,109752475.2475,114752475.2475,National
2025-04-24 11:00:08,SJC,SJC Ring 1C,113500000.0,116500000.0,National
2025-04-25 15:00:08,SJC,SJC 1L,118500000.0,120500000.0,National
2025-04-25 15:00:08,SJC,SJC Jewelry 18K,80333618.3618,86333618.3618,National
2025-04-25 15:00:08,SJC,SJC Jewelry 24K,112500000.0,114900000.0,National
2025-04-25 15:00:08,SJC,SJC Jewelry 99%,108762376.2376,113762376.2376,National
2025-04-25 15:00:08,SJC,SJC Ring 1C,112500000.0,115500000.0,National
2025-04-26 10:00:10,SJC,SJC Jewelry 24K,114000000.0,115900000.0,National
2025-04-26 10:00:10,SJC,SJC Jewelry 18K,81083693.3693,87083693.3693,National
2025-04-26 10:00:10,SJC,SJC Ring 1C,114000000.0,116500000.0,National
2025-04-26 10:00:10,SJC,SJC Jewelry 99%,110752475.2475,114752475.2475,National
2025-04-26 10:00:10,SJC,SJC 1L,119000000.0,121000000.0,National
2025-04-28 11:00:08,SJC,SJC 1L,117500000.0,119500000.0,National
2025-04-28 11:00:08,SJC,SJC Jewelry 18K,79958580.858,85958580.858,National
2025-04-28 11:00:08,SJC,SJC Jewelry 24K,112500000.0,114400000.0,National
2025-04-28 11:00:08,SJC,SJC Jewelry 99%,109267326.7326,113267326.7326,National
2025-04-28 11:00:08,SJC,SJC Ring 1C,112500000.0,115000000.0,National
2025-04-29 11:00:08,SJC,SJC 1L,119300000.0,121300000.0,National
2025-04-29 11:00:08,SJC,SJC Jewelry 18K,81083693.3693,87083693.3693,National
2025-04-29 11:00:08,SJC,SJC Jewelry 24K,114000000.0,115900000.0,National
2025-04-29 11:00:08,SJC,SJC Jewelry 99%,110752475.2475,114752475.2475,National
2025-04-29 11:00:08,SJC,SJC Ring 1C,114000000.0,116500000.0,National
2025-05-05 16:00:08,SJC,SJC 1L,117800000.0,119800000.0,National
2025-05-05 16:00:08,SJC,SJC Jewelry 18K,79958580.858,85958580.858,National
2025-05-05 16:00:08,SJC,SJC Jewelry 24K,112500000.0,114400000.0,National
2025-05-05 16:00:08,SJC,SJC Jewelry 99%,109267326.7326,113267326.7326,National
2025-05-05 16:00:08,SJC,SJC Ring 1C,112500000.0,115000000.0,National
2025-05-06 16:00:08,SJC,SJC 1L,120200000.0,122200000.0,National
2025-05-06 16:00:08,SJC,SJC Jewelry 18K,82208805.8805,88208805.8805,National
2025-05-06 16:00:08,SJC,SJC Jewelry 24K,115500000.0,117400000.0,National
2025-05-06 16:00:08,SJC,SJC Jewelry 99%,111737623.7623,116237623.7623,National
2025-05-06 16:00:08,SJC,SJC Ring 1C,115500000.0,118000000.0,National
2025-05-07 15:00:08,SJC,SJC 1L,120200000.0,122200000.0,National
2025-05-07 15:00:08,SJC,SJC Jewelry 18K,81708805.8805,88208805.8805,National
2025-05-07 15:00:08,SJC,SJC Jewelry 24K,115500000.0,117400000.0,National
2025-05-07 15:00:08,SJC,SJC Jewelry 99%,111737623.7623,116237623.7623,National
2025-05-07 15:00:08,SJC,SJC Ring 1C,115500000.0,118000000.0,National
2025-05-08 14:00:09,SJC,SJC 1L,118500000.0,120500000.0,National
2025-05-08 14:00:09,SJC,SJC Ring 1C,114000000.0,116500000.0,National
2025-05-08 14:00:09,SJC,SJC Jewelry 18K,80583693.3693,87083693.3693,National
2025-05-08 14:00:09,SJC,SJC Jewelry 99%,110252475.2475,114752475.2475,National
2025-05-08 14:00:09,SJC,SJC Jewelry 24K,114000000.0,115900000.0,National
2025-05-09 15:00:08,SJC,SJC 1L,119500000.0,121500000.0,National
2025-05-09 15:00:08,SJC,SJC Jewelry 18K,80583693.3693,87083693.3693,National
2025-05-09 15:00:08,SJC,SJC Jewelry 24K,114000000.0,115900000.0,National
2025-05-09 15:00:08,SJC,SJC Jewelry 99%,110252475.2475,114752475.2475,National
2025-05-09 15:00:08,SJC,SJC Ring 1C,114000000.0,116500000.0,National
2025-05-10 09:00:08,SJC,SJC Jewelry 18K,80958730.873,87458730.873,National
2025-05-10 09:00:08,SJC,SJC 1L,120000000.0,122000000.0,National
2025-05-10 09:00:08,SJC,SJC Jewelry 24K,114500000.0,116400000.0,National
2025-05-10 09:00:08,SJC,SJC Ring 1C,114500000.0,117000000.0,National
2025-05-10 09:00:08,SJC,SJC Jewelry 99%,110747524.7524,115247524.7524,National
2025-05-12 17:00:08,SJC,SJC 1L,117200000.0,119200000.0,National
2025-05-12 17:00:08,SJC,SJC Jewelry 18K,79458580.858,85958580.858,National
2025-05-12 17:00:08,SJC,SJC Jewelry 24K,112500000.0,114400000.0,National
2025-05-12 17:00:08,SJC,SJC Jewelry 99%,108767326.7326,113267326.7326,National
2025-05-12 17:00:08,SJC,SJC Ring 1C,112500000.0,115000000.0,National
2025-05-13 14:00:08,SJC,SJC 1L,118500000.0,120500000.0,National
2025-05-13 14:00:08,SJC,SJC Jewelry 24K,113000000.0,114900000.0,National
2025-05-13 14:00:08,SJC,SJC Jewelry 99%,109262376.2376,113762376.2376,National
2025-05-13 14:00:08,SJC,SJC Jewelry 18K,79833618.3618,86333618.3618,National
2025-05-13 14:00:08,SJC,SJC Ring 1C,113000000.0,115500000.0,National
2025-05-14 10:00:08,SJC,SJC 1L,118000000.0,120000000.0,National
2025-05-14 10:00:08,SJC,SJC Jewelry 18K,79458580.858,85958580.858,National
2025-05-14 10:00:08,SJC,SJC Jewelry 24K,112500000.0,114400000.0,National
2025-05-14 10:00:08,SJC,SJC Jewelry 99%,108767326.7326,113267326.7326,National
2025-05-14 10:00:08,SJC,SJC Ring 1C,112500000.0,115000000.0,National
2025-05-15 14:00:08,SJC,SJC 1L,115500000.0,118200000.0,National
2025-05-15 14:00:08,SJC,SJC Jewelry 18K,78333468.3468,84833468.3468,National
2025-05-15 14:00:08,SJC,SJC Jewelry 24K,110500000.0,112900000.0,National
2025-05-15 14:00:08,SJC,SJC Jewelry 99%,107282178.2178,111782178.2178,National
2025-05-15 14:00:08,SJC,SJC Ring 1C,110500000.0,113500000.0,National
2025-05-16 16:00:08,SJC,SJC 1L,115700000.0,118700000.0,National
2025-05-16 16:00:08,SJC,SJC Ring 1C,111700000.0,114700000.0,National
2025-05-16 16:00:08,SJC,SJC Jewelry 18K,79233558.3558,85733558.3558,National
2025-05-16 16:00:08,SJC,SJC Jewelry 99%,108470297.0297,112970297.0297,National
2025-05-16 16:00:08,SJC,SJC Jewelry 24K,111700000.0,114100000.0,National
2025-05-17 09:00:09,SJC,SJC 1L,115500000.0,118500000.0,National
2025-05-17 09:00:09,SJC,SJC Jewelry 18K,78708505.8505,85208505.8505,National
2025-05-17 09:00:09,SJC,SJC Jewelry 24K,111000000.0,113400000.0,National
2025-05-17 09:00:09,SJC,SJC Jewelry 99%,107777227.7227,112277227.7227,National
2025-05-17 09:00:09,SJC,SJC Ring 1C,111000000.0,114000000.0,National
2025-05-19 09:00:08,SJC,SJC Jewelry 18K,79083543.3543,85583543.3543,National
2025-05-19 09:00:08,SJC,SJC 1L,116800000.0,119300000.0,National
2025-05-19 09:00:08,SJC,SJC Jewelry 24K,111500000.0,113900000.0,National
2025-05-19 09:00:08,SJC,SJC Ring 1C,111500000.0,114500000.0,National
2025-05-19 09:00:08,SJC,SJC Jewelry 99%,108272277.2277,112772277.2277,National
2025-05-20 10:00:08,SJC,SJC 1L,116800000.0,119300000.0,National
2025-05-20 10:00:08,SJC,SJC Jewelry 18K,78708505.8505,85208505.8505,National
2025-05-20 10:00:08,SJC,SJC Jewelry 24K,111000000.0,113400000.0,National
2025-05-20 10:00:08,SJC,SJC Jewelry 99%,107777227.7227,112277227.7227,National
2025-05-20 10:00:08,SJC,SJC Ring 1C,111000000.0,114000000.0,National
2025-05-21 11:00:08,SJC,SJC 1L,118500000.0,121000000.0,National
2025-05-21 11:00:08,SJC,SJC Jewelry 24K,112000000.0,114400000.0,National
2025-05-21 11:00:08,SJC,SJC Ring 1C,112000000.0,115000000.0,National
2025-05-21 11:00:08,SJC,SJC Jewelry 99%,108767326.7326,113267326.7326,National
2025-05-21 11:00:08,SJC,SJC Jewelry 18K,79458580.858,85958580.858,National
2025-05-22 16:00:08,SJC,SJC 1L,118500000.0,120500000.0,National
2025-05-22 16:00:08,SJC,SJC Jewelry 18K,79833618.3618,86333618.3618,National
2025-05-22 16:00:08,SJC,SJC Jewelry 24K,112500000.0,114900000.0,National
2025-05-22 16:00:08,SJC,SJC Jewelry 99%,109262376.2376,113762376.2376,National
2025-05-22 16:00:08,SJC,SJC Ring 1C,112500000.0,115500000.0,National
2025-05-23 14:00:08,SJC,SJC 1L,118500000.0,120500000.0,National
2025-05-23 14:00:08,SJC,SJC Jewelry 18K,79833618.3618,86333618.3618,National
2025-05-23 14:00:08,SJC,SJC Jewelry 24K,112500000.0,114900000.0,National
2025-05-23 14:00:08,SJC,SJC Jewelry 99%,109262376.2376,113762376.2376,National
2025-05-23 14:00:08,SJC,SJC Ring 1C,112500000.0,115500000.0,National
2025-05-24 09:00:10,SJC,SJC Jewelry 24K,113500000.0,115400000.0,National
2025-05-24 09:00:10,SJC,SJC 1L,119000000.0,121000000.0,National
2025-05-24 09:00:10,SJC,SJC Jewelry 99%,109757425.7425,114257425.7425,National
2025-05-24 09:00:10,SJC,SJC Ring 1C,113500000.0,116000000.0,National
2025-05-24 09:00:10,SJC,SJC Jewelry 18K,80208655.8655,86708655.8655,National
2025-05-26 16:00:07,SJC,SJC 1L,116500000.0,119000000.0,National
2025-05-26 16:00:07,SJC,SJC Jewelry 18K,79083543.3543,85583543.3543,National
2025-05-26 16:00:07,SJC,SJC Jewelry 24K,111500000.0,113900000.0,National
2025-05-26 16:00:07,SJC,SJC Jewelry 99%,108272277.2277,112772277.2277,National
2025-05-26 16:00:07,SJC,SJC Ring 1C,111500000.0,114500000.0,National
2025-05-27 19:00:08,SJC,SJC Jewelry 99%,107777227.7227,112277227.7227,National
2025-05-27 19:00:08,SJC,SJC Ring 1C,111000000.0,114000000.0,National
2025-05-27 19:00:08,SJC,SJC 1L,115500000.0,118000000.0,National
2025-05-27 19:00:08,SJC,SJC Jewelry 18K,78708505.8505,85208505.8505,National
2025-05-27 19:00:08,SJC,SJC Jewelry 24K,111000000.0,113400000.0,National
2025-05-28 15:00:08,SJC,SJC 1L,116200000.0,118700000.0,National
2025-05-28 15:00:08,SJC,SJC Jewelry 18K,78708505.8505,85208505.8505,National
2025-05-28 15:00:08,SJC,SJC Jewelry 24K,111300000.0,113400000.0,National
2025-05-28 15:00:08,SJC,SJC Jewelry 99%,107777227.7227,112277227.7227,National
2025-05-28 15:00:08,SJC,SJC Ring 1C,111300000.0,114000000.0,National
2025-05-29 11:00:09,SJC,SJC Jewelry 24K,110300000.0,112700000.0,National
2025-05-29 11:00:09,SJC,SJC Jewelry 18K,77783453.3453,84683453.3453,National
2025-05-29 11:00:09,SJC,SJC Ring 1C,110300000.0,113300000.0,National
2025-05-29 11:00:09,SJC,SJC Jewelry 99%,107084158.4158,111584158.4158,National
2025-05-29 11:00:09,SJC,SJC 1L,115500000.0,118000000.0,National
2025-05-30 10:00:08,SJC,SJC 1L,116000000.0,118500000.0,National
2025-05-30 10:00:08,SJC,SJC Jewelry 18K,78308505.8505,85208505.8505,National
2025-05-30 10:00:08,SJC,SJC Jewelry 24K,111000000.0,113400000.0,National
2025-05-30 10:00:08,SJC,SJC Jewelry 99%,107777227.7227,112277227.7227,National
2025-05-30 10:00:08,SJC,SJC Ring 1C,111000000.0,114000000.0,National
2025-05-31 09:00:07,SJC,SJC Jewelry 18K,77933468.3468,84833468.3468,National
2025-05-31 09:00:07,SJC,SJC Jewelry 99%,107282178.2178,111782178.2178,National
2025-05-31 09:00:07,SJC,SJC 1L,115700000.0,118200000.0,National
2025-05-31 09:00:07,SJC,SJC Ring 1C,110500000.0,113500000.0,National
2025-05-31 09:00:07,SJC,SJC Jewelry 24K,110500000.0,112900000.0,National
2025-06-02 14:00:08,SJC,SJC 1L,115800000.0,117800000.0,National
2025-06-02 14:00:08,SJC,SJC Jewelry 18K,78083483.3483,84983483.3483,National
2025-06-02 14:00:08,SJC,SJC Jewelry 24K,111200000.0,113100000.0,National
2025-06-02 14:00:08,SJC,SJC Jewelry 99%,107480198.0198,111980198.0198,National
2025-06-02 14:00:08,SJC,SJC Ring 1C,111200000.0,113700000.0,National
2025-06-03 16:00:08,SJC,SJC Jewelry 24K,111000000.0,112900000.0,National
2025-06-03 16:00:08,SJC,SJC Jewelry 18K,77933468.3468,84833468.3468,National
2025-06-03 16:00:08,SJC,SJC Ring 1C,111000000.0,113500000.0,National
2025-06-03 16:00:08,SJC,SJC Jewelry 99%,107282178.2178,111782178.2178,National
2025-06-03 16:00:08,SJC,SJC 1L,114900000.0,117200000.0,National
2025-06-05 11:00:08,SJC,SJC 1L,115400000.0,117700000.0,National
2025-06-05 11:00:08,SJC,SJC Jewelry 18K,78308505.8505,85208505.8505,National
2025-06-05 11:00:08,SJC,SJC Jewelry 24K,111700000.0,113400000.0,National
2025-06-05 11:00:08,SJC,SJC Jewelry 99%,107777227.7227,112277227.7227,National
2025-06-05 11:00:08,SJC,SJC Ring 1C,111700000.0,114000000.0,National
2025-06-06 09:00:08,SJC,SJC 1L,116000000.0,118000000.0,National
2025-06-06 09:00:08,SJC,SJC Jewelry 18K,78533528.3528,85433528.3528,National
2025-06-06 09:00:08,SJC,SJC Jewelry 24K,112000000.0,113700000.0,National
2025-06-06 09:00:08,SJC,SJC Jewelry 99%,108074257.4257,112574257.4257,National
2025-06-06 09:00:08,SJC,SJC Ring 1C,112000000.0,114300000.0,National
2025-06-07 09:00:08,SJC,SJC Jewelry 18K,77933468.3468,84833468.3468,National
2025-06-07 09:00:08,SJC,SJC Jewelry 99%,107282178.2178,111782178.2178,National
2025-06-07 09:00:08,SJC,SJC 1L,114900000.0,117200000.0,National
2025-06-07 09:00:08,SJC,SJC Ring 1C,111200000.0,113500000.0,National
2025-06-07 09:00:08,SJC,SJC Jewelry 24K,111200000.0,112900000.0,National
2025-06-09 15:00:08,SJC,SJC 1L,115700000.0,117700000.0,National
2025-06-09 15:00:08,SJC,SJC Jewelry 18K,78158490.849,85058490.849,National
2025-06-09 15:00:08,SJC,SJC Jewelry 24K,111500000.0,113200000.0,National
2025-06-09 15:00:08,SJC,SJC Jewelry 99%,107579207.9207,112079207.9207,National
2025-06-09 15:00:08,SJC,SJC Ring 1C,111500000.0,113800000.0,National
2025-06-10 15:00:08,SJC,SJC 1L,116500000.0,118500000.0,National
2025-06-10 15:00:08,SJC,SJC Jewelry 18K,78308505.8505,85208505.8505,National
2025-06-10 15:00:08,SJC,SJC Jewelry 24K,111700000.0,113400000.0,National
2025-06-10 15:00:08,SJC,SJC Jewelry 99%,107777227.7227,112277227.7227,National
2025-06-10 15:00:08,SJC,SJC Ring 1C,111700000.0,114000000.0,National
2025-06-11 09:00:07,SJC,SJC Jewelry 18K,78683543.3543,85583543.3543,National
2025-06-11 09:00:07,SJC,SJC Jewelry 99%,108272277.2277,112772277.2277,National
2025-06-11 09:00:07,SJC,SJC 1L,116800000.0,118800000.0,National
2025-06-11 09:00:07,SJC,SJC Ring 1C,112000000.0,114500000.0,National
2025-06-11 09:00:07,SJC,SJC Jewelry 24K,112000000.0,113900000.0,National
2025-06-12 16:00:07,SJC,SJC 1L,117000000.0,119000000.0,National
2025-06-12 16:00:07,SJC,SJC Jewelry 18K,79058580.858,85958580.858,National
2025-06-12 16:00:07,SJC,SJC Jewelry 24K,112500000.0,114400000.0,National
2025-06-12 16:00:07,SJC,SJC Jewelry 99%,108767326.7326,113267326.7326,National
2025-06-12 16:00:07,SJC,SJC Ring 1C,112500000.0,115000000.0,National
2025-06-13 15:00:08,SJC,SJC 1L,117500000.0,120000000.0,National
2025-06-13 15:00:08,SJC,SJC Jewelry 18K,79808655.8655,86708655.8655,National
2025-06-13 15:00:08,SJC,SJC Jewelry 24K,113500000.0,115400000.0,National
2025-06-13 15:00:08,SJC,SJC Jewelry 99%,109757425.7425,114257425.7425,National
2025-06-13 15:00:08,SJC,SJC Ring 1C,113500000.0,116000000.0,National
2025-06-14 09:00:08,SJC,SJC 1L,117800000.0,120300000.0,National
2025-06-14 09:00:08,SJC,SJC Jewelry 18K,79958670.867,86858670.867,National
2025-06-14 09:00:08,SJC,SJC Jewelry 24K,113700000.0,115600000.0,National
2025-06-14 09:00:08,SJC,SJC Jewelry 99%,109955445.5445,114455445.5445,National
2025-06-14 09:00:08,SJC,SJC Ring 1C,113700000.0,116200000.0,National
2025-06-16 14:00:08,SJC,SJC 1L,117600000.0,119600000.0,National
2025-06-16 14:00:08,SJC,SJC Jewelry 18K,80108685.8685,87008685.8685,National
2025-06-16 14:00:08,SJC,SJC Jewelry 24K,113900000.0,115800000.0,National
2025-06-16 14:00:08,SJC,SJC Jewelry 99%,110153465.3465,114653465.3465,National
2025-06-16 14:00:08,SJC,SJC Ring 1C,113900000.0,116400000.0,National
2025-06-17 10:00:08,SJC,SJC 1L,117600000.0,119600000.0,National
2025-06-17 10:00:08,SJC,SJC Jewelry 18K,79958670.867,86858670.867,National
2025-06-17 10:00:08,SJC,SJC Jewelry 24K,113700000.0,115600000.0,National
2025-06-17 10:00:08,SJC,SJC Jewelry 99%,109955445.5445,114455445.5445,National
2025-06-17 10:00:08,SJC,SJC Ring 1C,113700000.0,116200000.0,National
2025-06-19 14:00:08,SJC,SJC 1L,117400000.0,119400000.0,National
2025-06-19 14:00:08,SJC,SJC Jewelry 18K,79808655.8655,86708655.8655,National
2025-06-19 14:00:08,SJC,SJC Jewelry 24K,113500000.0,115400000.0,National
2025-06-19 14:00:08,SJC,SJC Jewelry 99%,109757425.7425,114257425.7425,National
2025-06-19 14:00:08,SJC,SJC Ring 1C,113500000.0,116000000.0,National
2025-06-21 09:00:19,SJC,SJC 1L,117700000.0,119700000.0,National
2025-06-21 09:00:19,SJC,SJC Ring 1C,113700000.0,116200000.0,National
2025-06-21 09:00:19,SJC,SJC Jewelry 18K,79958670.867,86858670.867,National
2025-06-21 09:00:19,SJC,SJC Jewelry 99%,109955445.5445,114455445.5445,National
2025-06-21 09:00:19,SJC,SJC Jewelry 24K,113700000.0,115600000.0,National
2025-06-24 14:00:14,SJC,SJC 1L,117500000.0,119500000.0,National
2025-06-24 14:00:14,SJC,SJC Jewelry 18K,79808655.8655,86708655.8655,National
2025-06-24 14:00:14,SJC,SJC Jewelry 24K,113500000.0,115400000.0,National
2025-06-24 14:00:14,SJC,SJC Jewelry 99%,109757425.7425,114257425.7425,National
2025-06-24 14:00:14,SJC,SJC Ring 1C,113500000.0,116000000.0,National
2025-06-26 15:00:11,SJC,SJC Jewelry 18K,80033678.3678,86933678.3678,National
2025-06-26 15:00:11,SJC,SJC 1L,118000000.0,120000000.0,National
2025-06-26 15:00:11,SJC,SJC Jewelry 24K,113800000.0,115700000.0,National
2025-06-26 15:00:11,SJC,SJC Ring 1C,113800000.0,116300000.0,National
2025-06-26 15:00:11,SJC,SJC Jewelry 99%,110054455.4455,114554455.4455,National
2025-06-27 11:00:10,SJC,SJC 1L,117700000.0,119700000.0,National
2025-06-27 11:00:10,SJC,SJC Jewelry 18K,79733648.3648,86633648.3648,National
2025-06-27 11:00:10,SJC,SJC Jewelry 24K,113400000.0,115300000.0,National
2025-06-27 11:00:10,SJC,SJC Jewelry 99%,109658415.8415,114158415.8415,National
2025-06-27 11:00:10,SJC,SJC Ring 1C,113400000.0,115900000.0,National
2025-06-28 09:00:22,SJC,SJC Jewelry 24K,113200000.0,115100000.0,National
2025-06-28 09:00:22,SJC,SJC 1L,117200000.0,119200000.0,National
2025-06-28 09:00:22,SJC,SJC Jewelry 99%,109460396.0396,113960396.0396,National
2025-06-28 09:00:22,SJC,SJC Ring 1C,113200000.0,115700000.0,National
2025-06-28 09:00:22,SJC,SJC Jewelry 18K,79583633.3633,86483633.3633,National
2025-06-30 14:00:11,SJC,SJC 1L,117500000.0,119500000.0,National
2025-06-30 14:00:11,SJC,SJC Jewelry 18K,79808655.8655,86708655.8655,National
2025-06-30 14:00:11,SJC,SJC Jewelry 24K,113500000.0,115400000.0,National
2025-06-30 14:00:11,SJC,SJC Jewelry 99%,109757425.7425,114257425.7425,National
2025-06-30 14:00:11,SJC,SJC Ring 1C,113500000.0,116000000.0,National
2025-07-01 16:00:09,SJC,SJC 1L,118700000.0,120700000.0,National
2025-07-01 16:00:09,SJC,SJC Jewelry 18K,80408715.8715,87308715.8715,National
2025-07-01 16:00:09,SJC,SJC Jewelry 24K,114300000.0,116200000.0,National
2025-07-01 16:00:09,SJC,SJC Jewelry 99%,110549504.9504,115049504.9504,National
2025-07-01 16:00:09,SJC,SJC Ring 1C,114300000.0,116800000.0,National
2025-07-02 16:00:08,SJC,SJC 1L,118700000.0,120700000.0,National
2025-07-02 16:00:08,SJC,SJC Jewelry 18K,80183693.3693,87083693.3693,National
2025-07-02 16:00:08,SJC,SJC Jewelry 24K,114000000.0,115900000.0,National
2025-07-02 16:00:08,SJC,SJC Jewelry 99%,110252475.2475,114752475.2475,National
2025-07-02 16:00:08,SJC,SJC Ring 1C,114000000.0,116500000.0,National
2025-07-03 14:00:08,SJC,SJC 1L,119300000.0,121300000.0,National
2025-07-03 14:00:08,SJC,SJC Jewelry 18K,80558730.873,87458730.873,National
2025-07-03 14:00:08,SJC,SJC Jewelry 24K,114500000.0,116400000.0,National
2025-07-03 14:00:08,SJC,SJC Jewelry 99%,110747524.7524,115247524.7524,National
2025-07-03 14:00:08,SJC,SJC Ring 1C,114500000.0,117000000.0,National
2025-07-04 12:00:10,SJC,SJC 1L,118900000.0,120900000.0,National
2025-07-04 12:00:10,SJC,SJC Jewelry 18K,80408715.8715,87308715.8715,National
2025-07-04 12:00:10,SJC,SJC Jewelry 24K,114300000.0,116200000.0,National
2025-07-04 12:00:10,SJC,SJC Jewelry 99%,110549504.9504,115049504.9504,National
2025-07-04 12:00:10,SJC,SJC Ring 1C,114300000.0,116800000.0,National
2025-07-07 09:00:09,SJC,SJC 1L,118500000.0,120500000.0,National
2025-07-07 09:00:09,SJC,SJC Ring 1C,113900000.0,116400000.0,National
2025-07-07 09:00:09,SJC,SJC Jewelry 18K,80108685.8685,87008685.8685,National
2025-07-07 09:00:09,SJC,SJC Jewelry 99%,110153465.3465,114653465.3465,National
2025-07-07 09:00:09,SJC,SJC Jewelry 24K,113900000.0,115800000.0,National
2025-07-08 09:00:14,SJC,SJC Jewelry 18K,80483723.3723,87383723.3723,National
2025-07-08 09:00:14,SJC,SJC 1L,119000000.0,121000000.0,National
2025-07-08 09:00:14,SJC,SJC Jewelry 24K,114400000.0,116300000.0,National
2025-07-08 09:00:14,SJC,SJC Ring 1C,114400000.0,116900000.0,National
2025-07-08 09:00:14,SJC,SJC Jewelry 99%,110648514.8514,115148514.8514,National
2025-07-09 09:00:09,SJC,SJC 1L,118600000.0,120600000.0,National
2025-07-09 09:00:09,SJC,SJC Jewelry 18K,80183693.3693,87083693.3693,National
2025-07-09 09:00:09,SJC,SJC Jewelry 24K,114000000.0,115900000.0,National
2025-07-09 09:00:09,SJC,SJC Jewelry 99%,110252475.2475,114752475.2475,National
2025-07-09 09:00:09,SJC,SJC Ring 1C,114000000.0,116500000.0,National
2025-07-10 09:00:09,SJC,SJC Jewelry 18K,80333708.3708,87233708.3708,National
2025-07-10 09:00:09,SJC,SJC Jewelry 99%,110450495.0495,114950495.0495,National
2025-07-10 09:00:09,SJC,SJC 1L,118800000.0,120800000.0,National
2025-07-10 09:00:09,SJC,SJC Ring 1C,114200000.0,116700000.0,National
2025-07-10 09:00:09,SJC,SJC Jewelry 24K,114200000.0,116100000.0,National
2025-07-11 14:00:19,SJC,SJC 1L,119000000.0,121000000.0,National
2025-07-11 14:00:19,SJC,SJC Jewelry 18K,80558730.873,87458730.873,National
2025-07-11 14:00:19,SJC,SJC Jewelry 24K,114500000.0,116400000.0,National
2025-07-11 14:00:19,SJC,SJC Jewelry 99%,110747524.7524,115247524.7524,National
2025-07-11 14:00:19,SJC,SJC Ring 1C,114500000.0,117000000.0,National
2025-07-12 09:00:11,SJC,SJC Jewelry 24K,115000000.0,116900000.0,National
2025-07-12 09:00:11,SJC,SJC Jewelry 18K,80933768.3768,87833768.3768,National
2025-07-12 09:00:11,SJC,SJC Ring 1C,115000000.0,117500000.0,National
2025-07-12 09:00:11,SJC,SJC Jewelry 99%,111242574.2574,115742574.2574,National
2025-07-12 09:00:11,SJC,SJC 1L,119500000.0,121500000.0,National
2025-07-15 09:00:19,SJC,SJC 1L,119100000.0,121100000.0,National
2025-07-15 09:00:19,SJC,SJC Jewelry 18K,80633738.3738,87533738.3738,National
2025-07-15 09:00:19,SJC,SJC Jewelry 24K,114600000.0,116500000.0,National
2025-07-15 09:00:19,SJC,SJC Jewelry 99%,110846534.6534,115346534.6534,National
2025-07-15 09:00:19,SJC,SJC Ring 1C,114600000.0,117100000.0,National
2025-07-16 09:00:09,SJC,SJC 1L,118600000.0,120600000.0,National
2025-07-16 09:00:09,SJC,SJC Jewelry 18K,80333708.3708,87233708.3708,National
2025-07-16 09:00:09,SJC,SJC Jewelry 24K,114200000.0,116100000.0,National
2025-07-16 09:00:09,SJC,SJC Jewelry 99%,110450495.0495,114950495.0495,National
2025-07-16 09:00:09,SJC,SJC Ring 1C,114200000.0,116700000.0,National
2025-07-18 14:00:09,SJC,SJC 1L,119500000.0,121000000.0,National
2025-07-18 14:00:09,SJC,SJC Jewelry 99%,110450495.0495,114950495.0495,National
2025-07-18 14:00:09,SJC,SJC Jewelry 18K,80333708.3708,87233708.3708,National
2025-07-18 14:00:09,SJC,SJC Jewelry 24K,114200000.0,116100000.0,National
2025-07-18 14:00:09,SJC,SJC Ring 1C,114200000.0,116700000.0,National
2025-07-19 12:00:26,SJC,SJC 1L,119700000.0,121200000.0,National
2025-07-19 12:00:26,SJC,SJC Jewelry 18K,80333708.3708,87233708.3708,National
2025-07-19 12:00:26,SJC,SJC Jewelry 24K,114200000.0,116100000.0,National
2025-07-19 12:00:26,SJC,SJC Jewelry 99%,110450495.0495,114950495.0495,National
2025-07-19 12:00:26,SJC,SJC Ring 1C,114200000.0,116700000.0,National
2025-07-21 14:00:09,SJC,SJC 1L,120000000.0,121500000.0,National
2025-07-21 14:00:09,SJC,SJC Jewelry 18K,80558730.873,87458730.873,National
2025-07-21 14:00:09,SJC,SJC Jewelry 24K,114500000.0,116400000.0,National
2025-07-21 14:00:09,SJC,SJC Jewelry 99%,110747524.7524,115247524.7524,National
2025-07-21 14:00:09,SJC,SJC Ring 1C,114500000.0,117000000.0,National
2025-07-22 09:00:11,SJC,SJC 1L,120000000.0,122000000.0,National
2025-07-22 09:00:11,SJC,SJC Ring 1C,115000000.0,117500000.0,National
2025-07-22 09:00:11,SJC,SJC Jewelry 18K,80933768.3768,87833768.3768,National
2025-07-22 09:00:11,SJC,SJC Jewelry 99%,111242574.2574,115742574.2574,National
2025-07-22 09:00:11,SJC,SJC Jewelry 24K,115000000.0,116900000.0,National
2025-07-23 09:00:11,SJC,SJC 1L,120700000.0,122700000.0,National
2025-07-23 09:00:11,SJC,SJC Jewelry 18K,81308805.8805,88208805.8805,National
2025-07-23 09:00:11,SJC,SJC Jewelry 24K,115500000.0,117400000.0,National
2025-07-23 09:00:11,SJC,SJC Jewelry 99%,111737623.7623,116237623.7623,National
2025-07-23 09:00:11,SJC,SJC Ring 1C,115500000.0,118000000.0,National
2025-07-24 14:00:10,SJC,SJC Jewelry 18K,80933768.3768,87833768.3768,National
2025-07-24 14:00:10,SJC,SJC 1L,119700000.0,121700000.0,National
2025-07-24 14:00:10,SJC,SJC Jewelry 24K,115000000.0,116900000.0,National
2025-07-24 14:00:10,SJC,SJC Ring 1C,115000000.0,117500000.0,National
2025-07-24 14:00:10,SJC,SJC Jewelry 99%,111242574.2574,115742574.2574,National
2025-07-26 09:00:09,SJC,SJC 1L,119600000.0,121100000.0,National
2025-07-26 09:00:09,SJC,SJC Jewelry 18K,80558730.873,87458730.873,National
2025-07-26 09:00:09,SJC,SJC Jewelry 24K,114500000.0,116400000.0,National
2025-07-26 09:00:09,SJC,SJC Jewelry 99%,110747524.7524,115247524.7524,National
2025-07-26 09:00:09,SJC,SJC Ring 1C,114500000.0,117000000.0,National
2025-07-29 16:00:09,SJC,SJC 1L,119700000.0,121200000.0,National
2025-07-29 16:00:09,SJC,SJC Jewelry 24K,114400000.0,116300000.0,National
2025-07-29 16:00:09,SJC,SJC Ring 1C,114400000.0,116900000.0,National
2025-07-29 16:00:09,SJC,SJC Jewelry 99%,110648514.8514,115148514.8514,National
2025-07-29 16:00:09,SJC,SJC Jewelry 18K,80483723.3723,87383723.3723,National
2025-07-30 09:00:08,SJC,SJC 1L,120000000.0,121500000.0,National
2025-07-30 09:00:08,SJC,SJC Jewelry 18K,80708745.8745,87608745.8745,National
2025-07-30 09:00:08,SJC,SJC Jewelry 24K,114700000.0,116600000.0,National
2025-07-30 09:00:08,SJC,SJC Jewelry 99%,110945544.5544,115445544.5544,National
2025-07-30 09:00:08,SJC,SJC Ring 1C,114700000.0,117200000.0,National
2025-07-31 15:00:08,SJC,SJC 1L,119900000.0,121400000.0,National
2025-07-31 15:00:08,SJC,SJC Jewelry 18K,80633738.3738,87533738.3738,National
2025-07-31 15:00:08,SJC,SJC Jewelry 24K,114600000.0,116500000.0,National
2025-07-31 15:00:08,SJC,SJC Jewelry 99%,110846534.6534,115346534.6534,National
2025-07-31 15:00:08,SJC,SJC Ring 1C,114600000.0,117100000.0,National
2025-08-02 09:00:11,SJC,SJC 1L,121500000.0,123500000.0,National
2025-08-02 09:00:11,SJC,SJC Ring 1C,116500000.0,119000000.0,National
2025-08-02 09:00:11,SJC,SJC Jewelry 18K,82058880.888,88958880.888,National
2025-08-02 09:00:11,SJC,SJC Jewelry 99%,112727722.7722,117227722.7722,National
2025-08-02 09:00:11,SJC,SJC Jewelry 24K,116500000.0,118400000.0,National
2025-08-04 09:00:11,SJC,SJC Jewelry 24K,116300000.0,118200000.0,National
2025-08-04 09:00:11,SJC,SJC Jewelry 18K,81908865.8865,88808865.8865,National
2025-08-04 09:00:11,SJC,SJC Ring 1C,116300000.0,118800000.0,National
2025-08-04 09:00:11,SJC,SJC Jewelry 99%,112529702.9702,117029702.9702,National
2025-08-04 09:00:11,SJC,SJC 1L,121700000.0,123300000.0,National
2025-08-05 09:00:09,SJC,SJC 1L,122200000.0,123800000.0,National
2025-08-05 09:00:09,SJC,SJC Jewelry 18K,82283903.3903,89183903.3903,National
2025-08-05 09:00:09,SJC,SJC Ring 1C,116800000.0,119300000.0,National
2025-08-05 09:00:09,SJC,SJC Jewelry 24K,116800000.0,118700000.0,National
2025-08-05 09:00:09,SJC,SJC Jewelry 99%,113024752.4752,117524752.4752,National
2025-08-06 12:00:09,SJC,SJC 1L,122400000.0,123800000.0,National
2025-08-06 12:00:09,SJC,SJC Jewelry 18K,81983903.3903,89183903.3903,National
2025-08-06 12:00:09,SJC,SJC Jewelry 24K,116700000.0,118700000.0,National
2025-08-06 12:00:09,SJC,SJC Jewelry 99%,113024752.4752,117524752.4752,National
2025-08-06 12:00:09,SJC,SJC Ring 1C,116800000.0,119300000.0,National
2025-08-07 17:00:10,SJC,SJC Jewelry 18K,81983903.3903,89183903.3903,National
2025-08-07 17:00:10,SJC,SJC 1L,122400000.0,123800000.0,National
2025-08-07 17:00:10,SJC,SJC Jewelry 24K,116700000.0,118700000.0,National
2025-08-07 17:00:10,SJC,SJC Ring 1C,116800000.0,119300000.0,National
2025-08-07 17:00:10,SJC,SJC Jewelry 99%,113024752.4752,117524752.4752,National
2025-08-08 16:00:11,SJC,SJC 1L,123200000.0,124400000.0,National
2025-08-08 16:00:11,SJC,SJC Jewelry 18K,82358940.894,89558940.894,National
2025-08-08 16:00:11,SJC,SJC Jewelry 24K,117200000.0,119200000.0,National
2025-08-08 16:00:11,SJC,SJC Jewelry 99%,113519801.9801,118019801.9801,National
2025-08-08 16:00:11,SJC,SJC Ring 1C,117300000.0,119800000.0,National
2025-08-11 16:00:10,SJC,SJC 1L,122700000.0,123900000.0,National
2025-08-11 16:00:10,SJC,SJC Jewelry 18K,81833888.3888,89033888.3888,National
2025-08-11 16:00:10,SJC,SJC Jewelry 24K,116500000.0,118500000.0,National
2025-08-11 16:00:10,SJC,SJC Jewelry 99%,112826732.6732,117326732.6732,National
2025-08-11 16:00:10,SJC,SJC Ring 1C,116600000.0,119100000.0,National
2025-08-12 09:00:16,SJC,SJC 1L,122700000.0,123900000.0,National
2025-08-12 09:00:16,SJC,SJC Ring 1C,116500000.0,119000000.0,National
2025-08-12 09:00:16,SJC,SJC Jewelry 18K,81533858.3858,88733858.3858,National
2025-08-12 09:00:16,SJC,SJC Jewelry 99%,112430693.0693,116930693.0693,National
2025-08-12 09:00:16,SJC,SJC Jewelry 24K,116100000.0,118100000.0,National
2025-08-13 16:00:10,SJC,SJC 1L,123000000.0,124200000.0,National
2025-08-13 16:00:10,SJC,SJC Jewelry 18K,81908895.8895,89108895.8895,National
2025-08-13 16:00:10,SJC,SJC Jewelry 24K,116600000.0,118600000.0,National
2025-08-13 16:00:10,SJC,SJC Jewelry 99%,112925742.5742,117425742.5742,National
2025-08-13 16:00:10,SJC,SJC Ring 1C,116800000.0,119300000.0,National
2025-08-14 15:00:11,SJC,SJC Jewelry 18K,81758880.888,88958880.888,National
2025-08-14 15:00:11,SJC,SJC 1L,123700000.0,124700000.0,National
2025-08-14 15:00:11,SJC,SJC Jewelry 24K,116600000.0,118400000.0,National
2025-08-14 15:00:11,SJC,SJC Ring 1C,116800000.0,119300000.0,National
2025-08-14 15:00:11,SJC,SJC Jewelry 99%,112727722.7722,117227722.7722,National
2025-08-15 09:00:15,SJC,SJC 1L,123500000.0,124500000.0,National
2025-08-15 09:00:15,SJC,SJC Jewelry 18K,81608865.8865,88808865.8865,National
2025-08-15 09:00:15,SJC,SJC Jewelry 24K,116400000.0,118200000.0,National
2025-08-15 09:00:15,SJC,SJC Jewelry 99%,112529702.9702,117029702.9702,National
2025-08-15 09:00:15,SJC,SJC Ring 1C,116600000.0,119100000.0,National
2025-08-18 11:00:10,SJC,SJC Jewelry 24K,116800000.0,118600000.0,National
2025-08-18 11:00:10,SJC,SJC 1L,124000000.0,125000000.0,National
2025-08-18 11:00:10,SJC,SJC Jewelry 99%,112925742.5742,117425742.5742,National
2025-08-18 11:00:10,SJC,SJC Ring 1C,117000000.0,119500000.0,National
2025-08-18 11:00:10,SJC,SJC Jewelry 18K,81908895.8895,89108895.8895,National
2025-08-20 09:00:09,SJC,SJC 1L,123800000.0,124800000.0,National
2025-08-20 09:00:09,SJC,SJC Jewelry 18K,81758880.888,88958880.888,National
2025-08-20 09:00:09,SJC,SJC Jewelry 24K,116600000.0,118400000.0,National
2025-08-20 09:00:09,SJC,SJC Jewelry 99%,112727722.7722,117227722.7722,National
2025-08-20 09:00:09,SJC,SJC Ring 1C,116800000.0,119300000.0,National
2025-08-21 09:00:20,SJC,SJC Jewelry 18K,82133918.3918,89333918.3918,National
2025-08-21 09:00:20,SJC,SJC Jewelry 99%,113222772.2772,117722772.2772,National
2025-08-21 09:00:20,SJC,SJC 1L,124400000.0,125400000.0,National
2025-08-21 09:00:20,SJC,SJC Ring 1C,117300000.0,119800000.0,National
2025-08-21 09:00:20,SJC,SJC Jewelry 24K,117100000.0,118900000.0,National
2025-08-22 09:00:15,SJC,SJC 1L,124400000.0,125400000.0,National
2025-08-22 09:00:15,SJC,SJC Jewelry 18K,81983933.3933,89483933.3933,National
2025-08-22 09:00:15,SJC,SJC Jewelry 24K,117300000.0,119100000.0,National
2025-08-22 09:00:15,SJC,SJC Jewelry 99%,113420792.0792,117920792.0792,National
2025-08-22 09:00:15,SJC,SJC Ring 1C,117500000.0,120000000.0,National
2025-08-23 09:00:12,SJC,SJC Jewelry 24K,118300000.0,120100000.0,National
2025-08-23 09:00:12,SJC,SJC Jewelry 18K,82734008.4008,90234008.4008,National
2025-08-23 09:00:12,SJC,SJC Ring 1C,118500000.0,121000000.0,National
2025-08-23 09:00:12,SJC,SJC Jewelry 99%,114410891.0891,118910891.0891,National
2025-08-23 09:00:12,SJC,SJC 1L,125600000.0,126600000.0,National
2025-08-25 15:00:19,SJC,SJC 1L,125600000.0,127100000.0,National
2025-08-25 15:00:19,SJC,SJC Jewelry 18K,83184053.4053,90684053.4053,National
2025-08-25 15:00:19,SJC,SJC Jewelry 24K,118700000.0,120700000.0,National
2025-08-25 15:00:19,SJC,SJC Jewelry 99%,114504950.495,119504950.495,National
2025-08-25 15:00:19,SJC,SJC Ring 1C,119100000.0,121600000.0,National
2025-08-26 17:00:08,SJC,SJC 1L,125700000.0,127700000.0,National
2025-08-26 17:00:08,SJC,SJC Jewelry 18K,83484083.4083,90984083.4083,National
2025-08-26 17:00:08,SJC,SJC Jewelry 24K,119100000.0,121100000.0,National
2025-08-26 17:00:08,SJC,SJC Jewelry 99%,114900990.099,119900990.099,National
2025-08-26 17:00:08,SJC,SJC Ring 1C,119600000.0,122100000.0,National
2025-08-27 09:00:11,SJC,SJC 1L,126000000.0,128000000.0,National
2025-08-27 09:00:11,SJC,SJC Jewelry 18K,83709105.9105,91209105.9105,National
2025-08-27 09:00:11,SJC,SJC Jewelry 24K,119400000.0,121400000.0,National
2025-08-27 09:00:11,SJC,SJC Jewelry 99%,115198019.8019,120198019.8019,National
2025-08-27 09:00:11,SJC,SJC Ring 1C,119900000.0,122400000.0,National
2025-08-28 17:00:09,SJC,SJC 1L,127000000.0,128500000.0,National
2025-08-28 17:00:09,SJC,SJC Jewelry 18K,83859120.912,91359120.912,National
2025-08-28 17:00:09,SJC,SJC Jewelry 24K,119600000.0,121600000.0,National
2025-08-28 17:00:09,SJC,SJC Jewelry 99%,115396039.6039,120396039.6039,National
2025-08-28 17:00:09,SJC,SJC Ring 1C,120100000.0,122600000.0,National
2025-08-29 14:00:10,SJC,SJC 1L,127800000.0,129300000.0,National
2025-08-29 14:00:10,SJC,SJC Jewelry 18K,84534188.4188,92034188.4188,National
2025-08-29 14:00:10,SJC,SJC Jewelry 24K,120500000.0,122500000.0,National
2025-08-29 14:00:10,SJC,SJC Jewelry 99%,116287128.7128,121287128.7128,National
2025-08-29 14:00:10,SJC,SJC Ring 1C,121000000.0,123500000.0,National
2025-08-30 09:00:11,SJC,SJC 1L,129100000.0,130600000.0,National
2025-08-30 09:00:11,SJC,SJC Ring 1C,122500000.0,125000000.0,National
2025-08-30 09:00:11,SJC,SJC Jewelry 18K,85284263.4263,92784263.4263,National
2025-08-30 09:00:11,SJC,SJC Jewelry 99%,117277227.7227,122277227.7227,National
2025-08-30 09:00:11,SJC,SJC Jewelry 24K,121500000.0,123500000.0,National
2025-09-03 16:00:16,SJC,SJC 1L,131900000.0,133400000.0,National
2025-09-03 16:00:16,SJC,SJC Jewelry 18K,87534488.4488,95034488.4488,National
2025-09-03 16:00:16,SJC,SJC Jewelry 24K,124000000.0,126500000.0,National
2025-09-03 16:00:16,SJC,SJC Jewelry 99%,120247524.7524,125247524.7524,National
2025-09-03 16:00:16,SJC,SJC Ring 1C,125500000.0,128000000.0,National
2025-09-04 09:00:11,SJC,SJC Jewelry 24K,124700000.0,127200000.0,National
2025-09-04 09:00:11,SJC,SJC 1L,132400000.0,133900000.0,National
2025-09-04 09:00:11,SJC,SJC Jewelry 99%,120940594.0594,125940594.0594,National
2025-09-04 09:00:11,SJC,SJC Ring 1C,126200000.0,128700000.0,National
2025-09-04 09:00:11,SJC,SJC Jewelry 18K,88059540.954,95559540.954,National
2025-09-05 09:00:10,SJC,SJC Jewelry 99%,121435643.5643,126435643.5643,National
2025-09-05 09:00:10,SJC,SJC Ring 1C,126700000.0,129200000.0,National
2025-09-05 09:00:10,SJC,SJC 1L,132900000.0,134400000.0,National
2025-09-05 09:00:10,SJC,SJC Jewelry 18K,88434578.4578,95934578.4578,National
2025-09-05 09:00:10,SJC,SJC Jewelry 24K,125200000.0,127700000.0,National
2025-09-06 09:00:18,SJC,SJC Jewelry 18K,89184653.4653,96684653.4653,National
2025-09-06 09:00:18,SJC,SJC 1L,133900000.0,135400000.0,National
2025-09-06 09:00:18,SJC,SJC Jewelry 24K,126200000.0,128700000.0,National
2025-09-06 09:00:18,SJC,SJC Ring 1C,127700000.0,130200000.0,National
2025-09-06 09:00:18,SJC,SJC Jewelry 99%,122425742.5742,127425742.5742,National
2025-09-08 09:00:15,SJC,SJC 1L,133100000.0,135100000.0,National
2025-09-08 09:00:15,SJC,SJC Jewelry 18K,89184653.4653,96684653.4653,National
2025-09-08 09:00:15,SJC,SJC Jewelry 24K,126200000.0,128700000.0,National
2025-09-08 09:00:15,SJC,SJC Jewelry 99%,122425742.5742,127425742.5742,National
2025-09-08 09:00:15,SJC,SJC Ring 1C,127700000.0,130200000.0,National
2025-09-09 09:00:16,SJC,SJC 1L,133800000.0,135800000.0,National
2025-09-09 09:00:16,SJC,SJC Jewelry 18K,89634698.4698,97134698.4698,National
2025-09-09 09:00:16,SJC,SJC Jewelry 24K,126800000.0,129300000.0,National
2025-09-09 09:00:16,SJC,SJC Jewelry 99%,123019801.9801,128019801.9801,National
2025-09-09 09:00:16,SJC,SJC Ring 1C,128300000.0,130800000.0,National
2025-09-10 16:00:08,SJC,SJC 1L,133300000.0,135300000.0,National
2025-09-10 16:00:08,SJC,SJC Ring 1C,127700000.0,130200000.0,National
2025-09-10 16:00:08,SJC,SJC Jewelry 18K,89184653.4653,96684653.4653,National
2025-09-10 16:00:08,SJC,SJC Jewelry 99%,122425742.5742,127425742.5742,National
2025-09-10 16:00:08,SJC,SJC Jewelry 24K,126200000.0,128700000.0,National
2025-09-11 17:00:13,SJC,SJC Jewelry 24K,125100000.0,128100000.0,National
2025-09-11 17:00:13,SJC,SJC Jewelry 18K,88734608.4608,96234608.4608,National
2025-09-11 17:00:13,SJC,SJC Ring 1C,126600000.0,129600000.0,National
2025-09-11 17:00:13,SJC,SJC Jewelry 99%,121831683.1683,126831683.1683,National
2025-09-11 17:00:13,SJC,SJC 1L,130300000.0,133300000.0,National
2025-09-12 14:00:10,SJC,SJC 1L,128400000.0,131400000.0,National
2025-09-12 14:00:10,SJC,SJC Jewelry 18K,86784413.4413,94284413.4413,National
2025-09-12 14:00:10,SJC,SJC Ring 1C,125000000.0,128000000.0,National
2025-09-12 14:00:10,SJC,SJC Jewelry 24K,122500000.0,125500000.0,National
2025-09-12 14:00:10,SJC,SJC Jewelry 99%,119257425.7425,124257425.7425,National
2025-09-13 09:00:10,SJC,SJC 1L,128100000.0,131100000.0,National
2025-09-13 09:00:10,SJC,SJC Jewelry 18K,86784413.4413,94284413.4413,National
2025-09-13 09:00:10,SJC,SJC Jewelry 24K,122500000.0,125500000.0,National
2025-09-13 09:00:10,SJC,SJC Jewelry 99%,119257425.7425,124257425.7425,National
2025-09-13 09:00:10,SJC,SJC Ring 1C,125000000.0,128000000.0,National
2025-09-15 14:00:10,SJC,SJC Jewelry 24K,122500000.0,125500000.0,National
2025-09-15 14:00:10,SJC,SJC 1L,128600000.0,131100000.0,National
2025-09-15 14:00:10,SJC,SJC Jewelry 99%,119257425.7425,124257425.7425,National
2025-09-15 14:00:10,SJC,SJC Ring 1C,125000000.0,128000000.0,National
2025-09-15 14:00:10,SJC,SJC Jewelry 18K,86784413.4413,94284413.4413,National
2025-09-16 15:00:13,SJC,SJC 1L,130300000.0,132300000.0,National
2025-09-16 15:00:13,SJC,SJC Jewelry 18K,87759510.951,95259510.951,National
2025-09-16 15:00:13,SJC,SJC Jewelry 24K,123800000.0,126800000.0,National
2025-09-16 15:00:13,SJC,SJC Jewelry 99%,120544554.4554,125544554.4554,National
2025-09-16 15:00:13,SJC,SJC Ring 1C,126600000.0,129300000.0,National
2025-09-18 17:00:13,SJC,SJC 1L,130000000.0,132000000.0,National
2025-09-18 17:00:13,SJC,SJC Jewelry 18K,87534488.4488,95034488.4488,National
2025-09-18 17:00:13,SJC,SJC Jewelry 24K,123500000.0,126500000.0,National
2025-09-18 17:00:13,SJC,SJC Jewelry 99%,120247524.7524,125247524.7524,National
2025-09-18 17:00:13,SJC,SJC Ring 1C,126300000.0,129000000.0,National
2025-09-19 09:00:07,SJC,SJC 1L,130000000.0,132000000.0,National
2025-09-19 09:00:07,SJC,SJC Ring 1C,126000000.0,128700000.0,National
2025-09-19 09:00:07,SJC,SJC Jewelry 18K,87309465.9465,94809465.9465,National
2025-09-19 09:00:07,SJC,SJC Jewelry 99%,119950495.0495,124950495.0495,National
2025-09-19 09:00:07,SJC,SJC Jewelry 24K,123200000.0,126200000.0,National
2025-09-20 09:00:13,SJC,SJC 1L,131000000.0,133000000.0,National
2025-09-20 09:00:13,SJC,SJC Jewelry 18K,87909525.9525,95409525.9525,National
2025-09-20 09:00:13,SJC,SJC Jewelry 24K,124000000.0,127000000.0,National
2025-09-20 09:00:13,SJC,SJC Jewelry 99%,120742574.2574,125742574.2574,National
2025-09-20 09:00:13,SJC,SJC Ring 1C,126800000.0,129500000.0,National
2025-09-22 14:00:11,SJC,SJC 1L,131600000.0,133600000.0,National
2025-09-22 14:00:11,SJC,SJC Ring 1C,127300000.0,130000000.0,National
2025-09-22 14:00:11,SJC,SJC Jewelry 24K,124500000.0,127500000.0,National
2025-09-22 14:00:11,SJC,SJC Jewelry 99%,121237623.7623,126237623.7623,National
2025-09-22 14:00:11,SJC,SJC Jewelry 18K,88284563.4563,95784563.4563,National
2025-09-23 18:00:10,SJC,SJC 1L,133000000.0,135000000.0,National
2025-09-23 18:00:10,SJC,SJC Ring 1C,128800000.0,131500000.0,National
2025-09-23 18:00:10,SJC,SJC Jewelry 24K,126000000.0,129000000.0,National
2025-09-23 18:00:10,SJC,SJC Jewelry 99%,122722772.2772,127722772.2772,National
2025-09-23 18:00:10,SJC,SJC Jewelry 18K,89409675.9675,96909675.9675,National
2025-09-24 14:00:10,SJC,SJC 1L,133100000.0,135100000.0,National
2025-09-24 14:00:10,SJC,SJC Ring 1C,128800000.0,131500000.0,National
2025-09-24 14:00:10,SJC,SJC Jewelry 24K,126000000.0,129000000.0,National
2025-09-24 14:00:10,SJC,SJC Jewelry 99%,122722772.2772,127722772.2772,National
2025-09-24 14:00:10,SJC,SJC Jewelry 18K,89409675.9675,96909675.9675,National
2025-09-25 09:00:10,SJC,SJC 1L,132500000.0,134500000.0,National
2025-09-25 09:00:10,SJC,SJC Ring 1C,128300000.0,131000000.0,National
2025-09-25 09:00:10,SJC,SJC Jewelry 24K,125500000.0,128500000.0,National
2025-09-25 09:00:10,SJC,SJC Jewelry 99%,122227722.7722,127227722.7722,National
2025-09-25 09:00:10,SJC,SJC Jewelry 18K,89034638.4638,96534638.4638,National
2025-09-27 10:00:13,SJC,SJC 1L,133000000.0,135000000.0,National
2025-09-27 10:00:13,SJC,SJC Ring 1C,128800000.0,131500000.0,National
2025-09-27 10:00:13,SJC,SJC Jewelry 24K,126000000.0,129000000.0,National
2025-09-27 10:00:13,SJC,SJC Jewelry 99%,122722772.2772,127722772.2772,National
2025-09-27 10:00:13,SJC,SJC Jewelry 18K,89409675.9675,96909675.9675,National
2025-09-29 14:00:21,SJC,SJC 1L,134500000.0,136500000.0,National
2025-09-29 14:00:21,SJC,SJC Ring 1C,129700000.0,132400000.0,National
2025-09-29 14:00:21,SJC,SJC Jewelry 24K,126900000.0,129900000.0,National
2025-09-29 14:00:21,SJC,SJC Jewelry 99%,123613861.3861,128613861.3861,National
2025-09-29 14:00:21,SJC,SJC Jewelry 18K,90084743.4743,97584743.4743,National
2025-09-30 16:00:22,SJC,SJC 1L,134800000.0,136800000.0,National
2025-09-30 16:00:22,SJC,SJC Ring 1C,130200000.0,132900000.0,National
2025-09-30 16:00:22,SJC,SJC Jewelry 24K,127400000.0,130400000.0,National
2025-09-30 16:00:22,SJC,SJC Jewelry 99%,124108910.891,129108910.891,National
2025-09-30 16:00:22,SJC,SJC Jewelry 18K,90459780.978,97959780.978,National
2025-10-01 16:00:10,SJC,SJC 1L,136400000.0,138400000.0,National
2025-10-01 16:00:10,SJC,SJC Ring 1C,131800000.0,134500000.0,National
2025-10-01 16:00:10,SJC,SJC Jewelry 24K,129000000.0,132000000.0,National
2025-10-01 16:00:10,SJC,SJC Jewelry 99%,125693069.3069,130693069.3069,National
2025-10-01 16:00:10,SJC,SJC Jewelry 18K,91659900.99,99159900.99,National
2025-10-02 09:00:20,SJC,SJC 1L,136000000.0,138000000.0,National
2025-10-02 09:00:20,SJC,SJC Ring 1C,131500000.0,134200000.0,National
2025-10-02 09:00:20,SJC,SJC Jewelry 24K,128700000.0,131700000.0,National
2025-10-02 09:00:20,SJC,SJC Jewelry 99%,125396039.6039,130396039.6039,National
2025-10-02 09:00:20,SJC,SJC Jewelry 18K,91434878.4878,98934878.4878,National
2025-10-03 09:00:13,SJC,SJC 1L,135800000.0,137800000.0,National
2025-10-03 09:00:13,SJC,SJC Ring 1C,131500000.0,134200000.0,National
2025-10-03 09:00:13,SJC,SJC Jewelry 24K,128700000.0,131700000.0,National
2025-10-03 09:00:13,SJC,SJC Jewelry 99%,125396039.6039,130396039.6039,National
2025-10-03 09:00:13,SJC,SJC Jewelry 18K,91434878.4878,98934878.4878,National
2025-10-04 09:00:23,SJC,SJC 1L,136600000.0,138600000.0,National
2025-10-04 09:00:23,SJC,SJC Ring 1C,132300000.0,135000000.0,National
2025-10-04 09:00:23,SJC,SJC Jewelry 24K,129500000.0,132500000.0,National
2025-10-04 09:00:23,SJC,SJC Jewelry 99%,126188118.8118,131188118.8118,National
2025-10-04 09:00:23,SJC,SJC Jewelry 18K,92034938.4938,99534938.4938,National
2025-10-06 16:00:13,SJC,SJC 1L,138100000.0,140100000.0,National
2025-10-06 16:00:13,SJC,SJC Ring 1C,134300000.0,137000000.0,National
2025-10-06 16:00:13,SJC,SJC Jewelry 24K,132000000.0,135000000.0,National
2025-10-06 16:00:13,SJC,SJC Jewelry 99%,128663366.3366,133663366.3366,National
2025-10-06 16:00:13,SJC,SJC Jewelry 18K,93910126.0126,101410126.0126,National
2025-10-07 09:00:13,SJC,SJC 1L,138600000.0,140600000.0,National
2025-10-07 09:00:13,SJC,SJC Ring 1C,135000000.0,137700000.0,National
2025-10-07 09:00:13,SJC,SJC Jewelry 24K,132700000.0,135700000.0,National
2025-10-07 09:00:13,SJC,SJC Jewelry 99%,129356435.6435,134356435.6435,National
2025-10-07 09:00:13,SJC,SJC Jewelry 18K,94435178.5178,101935178.5178,National
2025-10-08 14:00:11,SJC,SJC 1L,140500000.0,142500000.0,National
2025-10-08 14:00:11,SJC,SJC Ring 1C,136800000.0,139500000.0,National
2025-10-08 14:00:11,SJC,SJC Jewelry 24K,134500000.0,137500000.0,National
2025-10-08 14:00:11,SJC,SJC Jewelry 99%,131138613.8613,136138613.8613,National
2025-10-08 14:00:11,SJC,SJC Jewelry 18K,95785313.5313,103285313.5313,National
2025-10-09 10:00:10,SJC,SJC 1L,140500000.0,142500000.0,National
2025-10-09 10:00:10,SJC,SJC Ring 1C,136800000.0,139500000.0,National
2025-10-09 10:00:10,SJC,SJC Jewelry 24K,134500000.0,137500000.0,National
2025-10-09 10:00:10,SJC,SJC Jewelry 99%,131638613.8613,136138613.8613,National
2025-10-09 10:00:10,SJC,SJC Jewelry 18K,95785313.5313,103285313.5313,National
2025-10-10 16:00:15,SJC,SJC 1L,140200000.0,142200000.0,National
2025-10-10 16:00:15,SJC,SJC Ring 1C,136200000.0,138900000.0,National
2025-10-10 16:00:15,SJC,SJC Jewelry 24K,133900000.0,136900000.0,National
2025-10-10 16:00:15,SJC,SJC Jewelry 99%,131044554.4554,135544554.4554,National
2025-10-10 16:00:15,SJC,SJC Jewelry 18K,95335268.5268,102835268.5268,National
2025-10-11 09:00:10,SJC,SJC 1L,140800000.0,142800000.0,National
2025-10-11 09:00:10,SJC,SJC Ring 1C,136800000.0,139500000.0,National
2025-10-11 09:00:10,SJC,SJC Jewelry 24K,134500000.0,137500000.0,National
2025-10-11 09:00:10,SJC,SJC Jewelry 99%,131638613.8613,136138613.8613,National
2025-10-11 09:00:10,SJC,SJC Jewelry 18K,95785313.5313,103285313.5313,National
2025-10-13 15:00:09,SJC,SJC 1L,142100000.0,144100000.0,National
2025-10-13 15:00:09,SJC,SJC Ring 1C,138500000.0,141200000.0,National
2025-10-13 15:00:09,SJC,SJC Jewelry 24K,136700000.0,139700000.0,National
2025-10-13 15:00:09,SJC,SJC Jewelry 99%,133816831.6831,138316831.6831,National
2025-10-13 15:00:09,SJC,SJC Jewelry 18K,97435478.5478,104935478.5478,National
2025-10-14 15:00:08,SJC,SJC 1L,144100000.0,146100000.0,National
2025-10-14 15:00:08,SJC,SJC Ring 1C,142300000.0,144500000.0,National
2025-10-14 15:00:08,SJC,SJC Jewelry 24K,140000000.0,143000000.0,National
2025-10-14 15:00:08,SJC,SJC Jewelry 99%,137084158.4158,141584158.4158,National
2025-10-14 15:00:08,SJC,SJC Jewelry 18K,99910726.0726,107410726.0726,National
2025-10-15 15:00:14,SJC,SJC 1L,146000000.0,148000000.0,National
2025-10-15 15:00:14,SJC,SJC Ring 1C,144200000.0,146400000.0,National
2025-10-15 15:00:14,SJC,SJC Jewelry 24K,141900000.0,144900000.0,National
2025-10-15 15:00:14,SJC,SJC Jewelry 99%,138965346.5346,143465346.5346,National
2025-10-15 15:00:14,SJC,SJC Jewelry 18K,101335868.5868,108835868.5868,National
2025-10-16 11:00:07,SJC,SJC 1L,147100000.0,149100000.0,National
2025-10-16 11:00:07,SJC,SJC Ring 1C,145900000.0,148100000.0,National
2025-10-16 11:00:07,SJC,SJC Jewelry 24K,143600000.0,146600000.0,National
2025-10-16 11:00:07,SJC,SJC Jewelry 99%,140648514.8514,145148514.8514,National
2025-10-16 11:00:07,SJC,SJC Jewelry 18K,102610996.0996,110110996.0996,National
2025-10-17 13:00:11,SJC,SJC 1L,151500000.0,153000000.0,National
2025-10-17 13:00:11,SJC,SJC Ring 1C,150000000.0,152200000.0,National
2025-10-17 13:00:11,SJC,SJC Jewelry 24K,147700000.0,150700000.0,National
2025-10-17 13:00:11,SJC,SJC Jewelry 99%,144707920.792,149207920.792,National
2025-10-17 13:00:11,SJC,SJC Jewelry 18K,105686303.6303,113186303.6303,National
2025-10-18 09:00:10,SJC,SJC 1L,149500000.0,151000000.0,National
2025-10-18 09:00:10,SJC,SJC Ring 1C,148000000.0,150200000.0,National
2025-10-18 09:00:10,SJC,SJC Jewelry 24K,145700000.0,148700000.0,National
2025-10-18 09:00:10,SJC,SJC Jewelry 99%,142727722.7722,147227722.7722,National
2025-10-18 09:00:10,SJC,SJC Jewelry 18K,104186153.6153,111686153.6153,National
2025-10-20 15:00:08,SJC,SJC 1L,150500000.0,151500000.0,National
2025-10-20 15:00:08,SJC,SJC Ring 1C,148000000.0,150200000.0,National
2025-10-20 15:00:08,SJC,SJC Jewelry 24K,146200000.0,149200000.0,National
2025-10-20 15:00:08,SJC,SJC Jewelry 99%,143222772.2772,147722772.2772,National
2025-10-20 15:00:08,SJC,SJC Jewelry 18K,104561191.1191,112061191.1191,National
2025-10-21 16:00:06,SJC,SJC 1L,151500000.0,152500000.0,National
2025-10-21 16:00:06,SJC,SJC Ring 1C,149600000.0,151800000.0,National
2025-10-21 16:00:06,SJC,SJC Jewelry 24K,147800000.0,150800000.0,National
2025-10-21 16:00:06,SJC,SJC Jewelry 99%,144806930.693,149306930.693,National
2025-10-21 16:00:06,SJC,SJC Jewelry 18K,105761311.1311,113261311.1311,National
2025-10-22 17:00:13,SJC,SJC 1L,146600000.0,148600000.0,National
2025-10-22 17:00:13,SJC,SJC Ring 1C,145400000.0,147900000.0,National
2025-10-22 17:00:13,SJC,SJC Jewelry 24K,143900000.0,146900000.0,National
2025-10-22 17:00:13,SJC,SJC Jewelry 99%,140945544.5544,145445544.5544,National
2025-10-22 17:00:13,SJC,SJC Jewelry 18K,102836018.6018,110336018.6018,National
2025-10-23 14:00:11,SJC,SJC 1L,147500000.0,149500000.0,National
2025-10-23 14:00:11,SJC,SJC Ring 1C,146200000.0,148700000.0,National
2025-10-23 14:00:11,SJC,SJC Jewelry 24K,144700000.0,147700000.0,National
2025-10-23 14:00:11,SJC,SJC Jewelry 99%,141737623.7623,146237623.7623,National
2025-10-23 14:00:11,SJC,SJC Jewelry 18K,103436078.6078,110936078.6078,National
2025-10-24 16:00:21,SJC,SJC 1L,146500000.0,148500000.0,National
2025-10-24 16:00:21,SJC,SJC Ring 1C,145400000.0,147900000.0,National
2025-10-24 16:00:21,SJC,SJC Jewelry 24K,143900000.0,146900000.0,National
2025-10-24 16:00:21,SJC,SJC Jewelry 99%,140945544.5544,145445544.5544,National
2025-10-24 16:00:21,SJC,SJC Jewelry 18K,102836018.6018,110336018.6018,National
2025-10-25 10:00:07,SJC,SJC 1L,147200000.0,149200000.0,National
2025-10-25 10:00:07,SJC,SJC Ring 1C,146100000.0,148600000.0,National
2025-10-25 10:00:07,SJC,SJC Jewelry 24K,144600000.0,147600000.0,National
2025-10-25 10:00:07,SJC,SJC Jewelry 99%,141638613.8613,146138613.8613,National
2025-10-25 10:00:07,SJC,SJC Jewelry 18K,103361071.1071,110861071.1071,National
2025-10-27 17:00:14,SJC,SJC 1L,146900000.0,148400000.0,National
2025-10-27 17:00:14,SJC,SJC Ring 1C,145000000.0,147500000.0,National
2025-10-27 17:00:14,SJC,SJC Jewelry 24K,143500000.0,146500000.0,National
2025-10-27 17:00:14,SJC,SJC Jewelry 99%,140549504.9504,145049504.9504,National
2025-10-27 17:00:14,SJC,SJC Jewelry 18K,102535988.5988,110035988.5988,National
2025-10-28 17:00:11,SJC,SJC 1L,143100000.0,145100000.0,National
2025-10-28 17:00:11,SJC,SJC Ring 1C,141200000.0,143700000.0,National
2025-10-28 17:00:11,SJC,SJC Jewelry 24K,139700000.0,142700000.0,National
2025-10-28 17:00:11,SJC,SJC Jewelry 99%,136787128.7128,141287128.7128,National
2025-10-28 17:00:11,SJC,SJC Jewelry 18K,99685703.5703,107185703.5703,National
2025-10-29 17:00:07,SJC,SJC 1L,146100000.0,148100000.0,National
2025-10-29 17:00:07,SJC,SJC Ring 1C,143800000.0,146300000.0,National
2025-10-29 17:00:07,SJC,SJC Jewelry 24K,142300000.0,145300000.0,National
2025-10-29 17:00:07,SJC,SJC Jewelry 99%,139361386.1386,143861386.1386,National
2025-10-29 17:00:07,SJC,SJC Jewelry 18K,101635898.5898,109135898.5898,National
2025-10-30 17:00:20,SJC,SJC 1L,145800000.0,147800000.0,National
2025-10-30 17:00:20,SJC,SJC Ring 1C,143600000.0,146100000.0,National
2025-10-30 17:00:20,SJC,SJC Jewelry 24K,142100000.0,145100000.0,National
2025-10-30 17:00:20,SJC,SJC Jewelry 99%,139163366.3366,143663366.3366,National
2025-10-30 17:00:20,SJC,SJC Jewelry 18K,101485883.5883,108985883.5883,National
2025-10-31 14:00:08,SJC,SJC 1L,146400000.0,148400000.0,National
2025-10-31 14:00:08,SJC,SJC Ring 1C,143600000.0,146100000.0,National
2025-10-31 14:00:08,SJC,SJC Jewelry 24K,142100000.0,145100000.0,National
2025-10-31 14:00:08,SJC,SJC Jewelry 99%,139163366.3366,143663366.3366,National
2025-10-31 14:00:08,SJC,SJC Jewelry 18K,101485883.5883,108985883.5883,National
2025-11-03 15:00:11,SJC,SJC 1L,147000000.0,149000000.0,National
2025-11-03 15:00:11,SJC,SJC Ring 1C,143900000.0,146400000.0,National
2025-11-03 15:00:11,SJC,SJC Jewelry 24K,142400000.0,145400000.0,National
2025-11-03 15:00:11,SJC,SJC Jewelry 99%,139460396.0396,143960396.0396,National
2025-11-03 15:00:11,SJC,SJC Jewelry 18K,101710906.0906,109210906.0906,National
2025-11-04 09:00:24,SJC,SJC 1L,146200000.0,148200000.0,National
2025-11-04 09:00:24,SJC,SJC Ring 1C,143400000.0,145900000.0,National
2025-11-04 09:00:24,SJC,SJC Jewelry 24K,141900000.0,144900000.0,National
2025-11-04 09:00:24,SJC,SJC Jewelry 99%,138965346.5346,143465346.5346,National
2025-11-04 09:00:24,SJC,SJC Jewelry 18K,101335868.5868,108835868.5868,National
2025-11-05 14:00:06,SJC,SJC 1L,145500000.0,147500000.0,National
2025-11-05 14:00:06,SJC,SJC Ring 1C,142700000.0,145200000.0,National
2025-11-05 14:00:06,SJC,SJC Jewelry 24K,141200000.0,144200000.0,National
2025-11-05 14:00:06,SJC,SJC Jewelry 99%,138272277.2277,142772277.2277,National
2025-11-05 14:00:06,SJC,SJC Jewelry 18K,100810816.0816,108310816.0816,National
2025-11-06 15:00:18,SJC,SJC 1L,146400000.0,148400000.0,National
2025-11-06 15:00:18,SJC,SJC Ring 1C,143300000.0,145800000.0,National
2025-11-06 15:00:18,SJC,SJC Jewelry 24K,141800000.0,144800000.0,National
2025-11-06 15:00:18,SJC,SJC Jewelry 99%,138866336.6336,143366336.6336,National
2025-11-06 15:00:18,SJC,SJC Jewelry 18K,101260861.0861,108760861.0861,National
